timestamp,value
2024-09-01T22:50:49.984594059Z,7.915950298
2024-09-01T22:50:51.11121792Z,7.939950466
2024-09-01T22:50:52.110231071Z,7.954050541
2024-09-01T22:50:53.129175891Z,8.020950317
2024-09-01T22:50:54.24283262Z,7.95195055
2024-09-01T22:50:55.194521755Z,7.93200016
2024-09-01T22:50:56.160207073Z,7.954050541
2024-09-01T22:50:57.19274836Z,7.942050457
2024-09-01T22:50:58.198175988Z,11.42805099
2024-09-01T22:50:59.950668676Z,9.972000122
2024-09-01T22:51:00.244825842Z,9
2024-09-01T22:51:01.252455208Z,8.512050629
2024-09-01T22:51:02.326377734Z,8.593050003
2024-09-01T22:51:03.331886583Z,8.626950264
2024-09-01T22:51:04.3109266Z,8.653050423
2024-09-01T22:51:05.287855035Z,8.694000244
2024-09-01T22:51:06.323171641Z,8.665050507
2024-09-01T22:51:07.336636068Z,8.74905014
2024-09-01T22:51:08.334382057Z,8.93295002
2024-09-01T22:51:09.440024241Z,10.50405025
2024-09-01T22:51:10.398824554Z,6.74505043
2024-09-01T22:51:11.347087313Z,8.191050529
2024-09-01T22:51:12.375371443Z,7.983000278
2024-09-01T22:51:13.390571883Z,8.092950821
2024-09-01T22:51:14.388671309Z,8.008950233
2024-09-01T22:51:15.39435328Z,7.95195055
2024-09-01T22:51:16.402040676Z,7.963950157
2024-09-01T22:51:17.375978719Z,8.077950478
2024-09-01T22:51:18.469284227Z,7.387050152
2024-09-01T22:51:19.422619262Z,9.75
2024-09-01T22:51:20.446888769Z,9.774000168
2024-09-01T22:51:21.419170906Z,9.759000778
2024-09-01T22:51:22.523853457Z,9.73995018
2024-09-01T22:51:23.47660444Z,9.75
2024-09-01T22:51:24.472718696Z,9.74505043
2024-09-01T22:51:25.589085723Z,9.726000786
2024-09-01T22:51:26.543632688Z,9.747000694
2024-09-01T22:51:27.514695143Z,9.733050346
2024-09-01T22:51:28.491976163Z,9.73800087
2024-09-01T22:51:29.493668148Z,9.74505043
2024-09-01T22:51:30.508692223Z,9.742050171
2024-09-01T22:51:31.494994936Z,9.751950264
2024-09-01T22:51:32.492786545Z,9.751950264
2024-09-01T22:51:33.533921625Z,9.742050171
2024-09-01T22:51:34.515510416Z,9.751950264
2024-09-01T22:51:35.56064406Z,9.73800087
2024-09-01T22:51:36.549983007Z,9.74505043
2024-09-01T22:51:37.53551335Z,9.781050682
2024-09-01T22:51:38.55022577Z,9.751950264
2024-09-01T22:51:39.580545656Z,9.751950264
2024-09-01T22:51:40.578028586Z,9.754050255
2024-09-01T22:51:41.589608216Z,9.730050087
2024-09-01T22:51:42.695009992Z,9.74505043
2024-09-01T22:51:43.642133576Z,9.742050171
2024-09-01T22:51:44.627215234Z,9.754050255
2024-09-01T22:51:45.612694248Z,9.754050255
2024-09-01T22:51:46.637966213Z,9.759000778
2024-09-01T22:51:47.654567186Z,9.747000694
2024-09-01T22:51:48.657008784Z,9.742050171
2024-09-01T22:51:49.667979648Z,9.733050346
2024-09-01T22:51:50.64219502Z,9.742050171
2024-09-01T22:51:51.760657304Z,9.757050514
2024-09-01T22:51:56.860955382Z,9.74505043
2024-09-01T22:51:57.85258243Z,9.75
2024-09-01T22:51:58.86899561Z,9.73500061
2024-09-01T22:51:59.97419777Z,9.751950264
2024-09-01T22:52:00.933065115Z,9.73500061
2024-09-01T22:52:01.963996005Z,9.726000786
2024-09-01T22:52:02.922648925Z,9.769050598
2024-09-01T22:52:03.915363474Z,9.73500061
2024-09-01T22:52:04.934413836Z,9.754050255
2024-09-01T22:52:05.934193542Z,9.759000778
2024-09-01T22:52:07.000124569Z,9.754050255
2024-09-01T22:52:07.949668192Z,9.754050255
2024-09-01T22:52:09.006327631Z,9.751950264
2024-09-01T22:52:09.967644382Z,9.762000084
2024-09-01T22:52:10.948675869Z,9.769050598
2024-09-01T22:52:11.979821974Z,9.757050514
2024-09-01T22:52:12.988573906Z,9.762000084
2024-09-01T22:52:14.006558525Z,9.751950264
2024-09-01T22:52:15.001929137Z,9.763950348
2024-09-01T22:52:15.989131809Z,9.763950348
2024-09-01T22:52:17.077783792Z,9.75
2024-09-01T22:52:18.028443612Z,9.757050514
2024-09-01T22:52:19.033961045Z,9.74505043
2024-09-01T22:52:20.058690855Z,9.74505043
2024-09-01T22:52:21.05702887Z,9.757050514
2024-09-01T22:52:22.035525141Z,9.757050514
2024-09-01T22:52:23.077688687Z,9.757050514
2024-09-01T22:52:24.07961234Z,9.769050598
2024-09-01T22:52:25.151616737Z,9.754050255
2024-09-01T22:52:26.104093306Z,9.759000778
2024-09-01T22:52:27.134576618Z,9.759000778
2024-09-01T22:52:28.097768362Z,9.762000084
2024-09-01T22:52:29.113523665Z,9.759000778
2024-09-01T22:52:30.11697811Z,9.771000862
2024-09-01T22:52:31.130903647Z,9.75
2024-09-01T22:52:32.109040239Z,9.759000778
2024-09-01T22:52:33.122201059Z,9.74505043
2024-09-01T22:52:34.21237868Z,9.762000084
2024-09-01T22:52:35.142306349Z,9.75
2024-09-01T22:52:36.172583589Z,9.762000084
2024-09-01T22:52:37.181585893Z,9.754050255
2024-09-01T22:52:38.182077187Z,9.759000778
2024-09-01T22:52:39.197595539Z,9.747000694
2024-09-01T22:52:40.202948497Z,9.757050514
2024-09-01T22:52:41.308166428Z,9.754050255
2024-09-01T22:52:42.258009075Z,9.766050339
2024-09-01T22:52:43.23013673Z,9.763950348
2024-09-01T22:52:44.220934123Z,9.759000778
2024-09-01T22:52:45.207088125Z,9.751950264
2024-09-01T22:52:46.418259701Z,9.727950096
2024-09-01T22:52:47.31188742Z,9.733050346
2024-09-01T22:52:48.237548083Z,9.75
2024-09-01T22:52:49.266682704Z,9.751950264
2024-09-01T22:52:50.327620038Z,9.754050255
2024-09-01T22:52:51.27613193Z,9.762000084
2024-09-01T22:52:52.283762349Z,9.751950264
2024-09-01T22:52:53.300996413Z,9.759000778
2024-09-01T22:52:54.333395246Z,9.762000084
2024-09-01T22:52:55.309680407Z,9.75
2024-09-01T22:52:56.324507472Z,9.759000778
2024-09-01T22:52:57.335112211Z,9.75
2024-09-01T22:52:58.404066019Z,9.751950264
2024-09-01T22:52:59.694860462Z,9.759000778
2024-09-01T22:53:00.713965536Z,9.75
2024-09-01T22:53:01.732538377Z,9.769050598
2024-09-01T22:53:02.335358649Z,9.759000778
2024-09-01T22:53:03.358570053Z,9.763950348
2024-09-01T22:53:04.368303648Z,9.754050255
2024-09-01T22:53:05.816217818Z,9.763950348
2024-09-01T22:53:06.387740984Z,9.751950264
2024-09-01T22:53:07.417442058Z,9.757050514
2024-09-01T22:53:08.385123573Z,9.75
2024-09-01T22:53:09.39907922Z,9.766050339
2024-09-01T22:53:10.405362765Z,9.763950348
2024-09-01T22:53:11.428255205Z,9.763950348
2024-09-01T22:53:12.463612712Z,9.747000694
2024-09-01T22:53:13.449460599Z,9.73800087
2024-09-01T22:53:14.534231661Z,9.762000084
2024-09-01T22:53:15.475809343Z,9.759000778
2024-09-01T22:53:16.480807401Z,9.751950264
2024-09-01T22:53:17.481304921Z,9.751950264
2024-09-01T22:53:18.500869349Z,9.754050255
2024-09-01T22:53:19.515361555Z,9.759000778
2024-09-01T22:53:20.509215914Z,9.759000778
2024-09-01T22:53:21.531164113Z,9.762000084
2024-09-01T22:53:22.503191419Z,9.762000084
2024-09-01T22:53:23.551431966Z,9.763950348
2024-09-01T22:53:24.536495793Z,9.751950264
2024-09-01T22:53:25.618868849Z,9.762000084
2024-09-01T22:53:27.161090851Z,9.751950264
2024-09-01T22:53:27.539444756Z,9.762000084
2024-09-01T22:53:28.557092956Z,9.757050514
2024-09-01T22:53:29.557292286Z,9.74505043
2024-09-01T22:53:30.558622558Z,9.762000084
2024-09-01T22:53:31.628113238Z,9.754050255
2024-09-01T22:53:32.581735054Z,9.747000694
2024-09-01T22:53:33.610678913Z,9.762000084
2024-09-01T22:53:34.617806504Z,9.757050514
2024-09-01T22:53:35.597260286Z,9.766050339
2024-09-01T22:53:36.617268634Z,9.763950348
2024-09-01T22:53:37.64543604Z,9.759000778
2024-09-01T22:53:38.650956116Z,9.757050514
2024-09-01T22:53:39.704181487Z,9.759000778
2024-09-01T22:53:40.654616844Z,9.754050255
2024-09-01T22:53:41.670009429Z,9.762000084
2024-09-01T22:53:42.668056718Z,9.763950348
2024-09-01T22:53:43.674087246Z,9.759000778
2024-09-01T22:53:44.791705967Z,9.751950264
2024-09-01T22:53:45.716843089Z,9.754050255
2024-09-01T22:53:46.707630399Z,9.390000343
2024-09-01T22:53:47.776644214Z,9.757050514
2024-09-01T22:53:48.726593067Z,9.759000778
2024-09-01T22:53:49.730024623Z,9.759000778
2024-09-01T22:53:50.713897994Z,9.762000084
2024-09-01T22:53:51.72955073Z,9.751950264
2024-09-01T22:53:52.755089951Z,9.762000084
2024-09-01T22:53:53.762029964Z,9.75
2024-09-01T22:53:54.773913088Z,9.766050339
2024-09-01T22:53:55.856034137Z,9.757050514
2024-09-01T22:53:56.803947831Z,9.762000084
2024-09-01T22:53:57.820066465Z,9.754050255
2024-09-01T22:53:58.833019113Z,9.763950348
2024-09-01T22:53:59.831133818Z,9.763950348
2024-09-01T22:54:00.820018796Z,9.75
2024-09-01T22:54:01.851120552Z,9.759000778
2024-09-01T22:54:02.979219443Z,9.754050255
2024-09-01T22:54:03.931852636Z,9.759000778
2024-09-01T22:54:04.887888261Z,9.759000778
2024-09-01T22:54:05.878676018Z,9.759000778
2024-09-01T22:54:06.876712571Z,9.754050255
2024-09-01T22:54:07.906653398Z,9.835950851
2024-09-01T22:54:08.887566059Z,9.757050514
2024-09-01T22:54:09.897248079Z,9.754050255
2024-09-01T22:54:10.914277688Z,9.757050514
2024-09-01T22:54:12.005943743Z,9.751950264
2024-09-01T22:54:12.980847633Z,9.754050255
2024-09-01T22:54:13.912124393Z,9.757050514
2024-09-01T22:54:14.926250827Z,9.759000778
2024-09-01T22:54:15.958943895Z,9.762000084
2024-09-01T22:54:16.923894556Z,9.754050255
2024-09-01T22:54:17.972243501Z,9.759000778
2024-09-01T22:54:18.986216854Z,9.763950348
2024-09-01T22:54:20.083838757Z,9.771000862
2024-09-01T22:54:21.033561555Z,9.762000084
2024-09-01T22:54:21.9839973Z,9.74505043
2024-09-01T22:54:23.056782639Z,9.757050514
2024-09-01T22:54:24.018826445Z,9.754050255
2024-09-01T22:54:25.011534648Z,9.820950508
2024-09-01T22:54:26.034413461Z,9.757050514
2024-09-01T22:54:27.018940364Z,9.790050507
2024-09-01T22:54:28.036214344Z,9.843000412
2024-09-01T22:54:29.108385488Z,9.763950348
2024-09-01T22:54:30.05577956Z,9.747000694
2024-09-01T22:54:31.057910862Z,9.786000252
2024-09-01T22:54:32.039230366Z,9.771000862
2024-09-01T22:54:33.092204212Z,9.769050598
2024-09-01T22:54:34.057756192Z,9.774000168
2024-09-01T22:54:35.279662731Z,9.532050133
2024-09-01T22:54:36.114264939Z,9.766050339
2024-09-01T22:54:37.181755791Z,9.759000778
2024-09-01T22:54:38.133810887Z,9.723000526
2024-09-01T22:54:39.129499514Z,9.762000084
2024-09-01T22:54:40.10673741Z,9.757050514
2024-09-01T22:54:41.122284055Z,9.759000778
2024-09-01T22:54:42.134224921Z,9.766050339
2024-09-01T22:54:43.184691663Z,9.763950348
2024-09-01T22:54:44.170051892Z,9.762000084
2024-09-01T22:54:45.283872422Z,9.774000168
2024-09-01T22:54:46.205303387Z,9.759000778
2024-09-01T22:54:47.16432235Z,9.757050514
2024-09-01T22:54:48.170478863Z,9.759000778
2024-09-01T22:54:49.197991167Z,9.759000778
2024-09-01T22:54:50.301475842Z,9.757050514
2024-09-01T22:54:51.186348403Z,9.747000694
2024-09-01T22:54:52.215615634Z,9.75
2024-09-01T22:54:53.216506949Z,9.811950684
2024-09-01T22:54:54.308912862Z,9.751950264
2024-09-01T22:54:55.236504159Z,9.751950264
2024-09-01T22:54:56.258351501Z,9.726000786
2024-09-01T22:54:57.299896395Z,9.759000778
2024-09-01T22:54:58.285393553Z,9.754050255
2024-09-01T22:54:59.286474105Z,9.75
2024-09-01T22:55:00.27567708Z,9.762000084
2024-09-01T22:55:01.283750877Z,9.747000694
2024-09-01T22:55:02.38021476Z,9.747000694
2024-09-01T22:55:03.305899462Z,9.763950348
2024-09-01T22:55:04.339875331Z,9.747000694
2024-09-01T22:55:05.308786361Z,9.751950264
2024-09-01T22:55:06.333971422Z,9.754050255
2024-09-01T22:55:07.339147215Z,9.757050514
2024-09-01T22:55:08.35355916Z,9.759000778
2024-09-01T22:55:09.333341737Z,9.751950264
2024-09-01T22:55:10.437114707Z,9.74505043
2024-09-01T22:55:11.378041444Z,9.759000778
2024-09-01T22:55:12.364560938Z,9.754050255
2024-09-01T22:55:13.396065274Z,9.762000084
2024-09-01T22:55:14.410482636Z,9.75
2024-09-01T22:55:15.414850734Z,9.762000084
2024-09-01T22:55:16.404103123Z,9.763950348
2024-09-01T22:55:17.431973455Z,9.75
2024-09-01T22:55:18.506713564Z,9.747000694
2024-09-01T22:55:19.461388978Z,9.757050514
2024-09-01T22:55:20.450856614Z,9.759000778
2024-09-01T22:55:21.530777421Z,9.762000084
2024-09-01T22:55:22.480785721Z,9.759000778
2024-09-01T22:55:23.509875476Z,9.757050514
2024-09-01T22:55:24.478710928Z,9.759000778
2024-09-01T22:55:25.488961054Z,9.757050514
2024-09-01T22:55:26.465649022Z,9.75
2024-09-01T22:55:27.564467698Z,9.762000084
2024-09-01T22:55:28.483094177Z,9.757050514
2024-09-01T22:55:29.512542625Z,9.754050255
2024-09-01T22:55:30.499216577Z,9.757050514
2024-09-01T22:55:31.506493152Z,9.774000168
2024-09-01T22:55:32.533062958Z,9.73500061
2024-09-01T22:55:33.519650408Z,9.730050087
2024-09-01T22:55:34.546138479Z,9.757050514
2024-09-01T22:55:35.605331866Z,9.762000084
2024-09-01T22:55:36.577013859Z,9.754050255
2024-09-01T22:55:37.573276095Z,9.763950348
2024-09-01T22:55:38.585224893Z,9.759000778
2024-09-01T22:55:39.607921288Z,9.751950264
2024-09-01T22:55:40.589286835Z,9.762000084
2024-09-01T22:55:41.652664396Z,9.751950264
2024-09-01T22:55:42.737074785Z,9.754050255
2024-09-01T22:55:43.678433982Z,9.747000694
2024-09-01T22:55:44.629699406Z,9.74505043
2024-09-01T22:55:45.610575627Z,9.769050598
2024-09-01T22:55:46.628217301Z,9.763950348
2024-09-01T22:55:47.656833066Z,9.759000778
2024-09-01T22:55:48.670641929Z,9.774000168
2024-09-01T22:55:49.673673759Z,9.75
2024-09-01T22:55:50.672344748Z,9.762000084
2024-09-01T22:55:51.657786569Z,9.751950264
2024-09-01T22:55:52.706934108Z,9.757050514
2024-09-01T22:55:53.701835256Z,9.763950348
2024-09-01T22:55:54.730280076Z,9.754050255
2024-09-01T22:55:55.719857807Z,9.759000778
2024-09-01T22:55:56.732142589Z,9.763950348
2024-09-01T22:55:57.709365386Z,9.754050255
2024-09-01T22:55:58.742420845Z,9.762000084
2024-09-01T22:55:59.727283345Z,9.781050682
2024-09-01T22:56:00.797043521Z,9.747000694
2024-09-01T22:56:01.737094382Z,9.762000084
2024-09-01T22:56:02.746547759Z,9.757050514
2024-09-01T22:56:03.774280635Z,9.751950264
2024-09-01T22:56:04.758366322Z,9.74505043
2024-09-01T22:56:05.761904622Z,9.751950264
2024-09-01T22:56:06.829928344Z,9.747000694
2024-09-01T22:56:07.770967263Z,9.769050598
2024-09-01T22:56:08.862390005Z,9.751950264
2024-09-01T22:56:09.843539301Z,9.757050514
2024-09-01T22:56:10.836800308Z,9.754050255
2024-09-01T22:56:11.859886148Z,9.75
2024-09-01T22:56:12.851409038Z,9.75
2024-09-01T22:56:13.825319565Z,9.74505043
2024-09-01T22:56:14.842459929Z,9.751950264
2024-09-01T22:56:15.857476831Z,9.75
2024-09-01T22:56:16.92658319Z,9.751950264
2024-09-01T22:56:17.902308255Z,9.759000778
2024-09-01T22:56:18.906849081Z,9.747000694
2024-09-01T22:56:19.944496142Z,9.75
2024-09-01T22:56:20.903654674Z,9.771000862
2024-09-01T22:56:21.894775143Z,9.73995018
2024-09-01T22:56:22.919967496Z,9.759000778
2024-09-01T22:56:23.932539855Z,9.763950348
2024-09-01T22:56:25.005326417Z,9.771000862
2024-09-01T22:56:25.957536845Z,9.774000168
2024-09-01T22:56:26.959553334Z,9.763950348
2024-09-01T22:56:27.937125865Z,9.771000862
2024-09-01T22:56:28.944688021Z,9.762000084
2024-09-01T22:56:29.980661319Z,9.747000694
2024-09-01T22:56:30.987423048Z,9.759000778
2024-09-01T22:56:31.994249657Z,9.763950348
2024-09-01T22:56:33.078379796Z,9.759000778
2024-09-01T22:56:34.031040124Z,9.759000778
2024-09-01T22:56:34.999195552Z,9.757050514
2024-09-01T22:56:36.026665685Z,9.763950348
2024-09-01T22:56:37.021257281Z,9.751950264
2024-09-01T22:56:38.022272341Z,9.73500061
2024-09-01T22:56:39.05894514Z,9.774000168
2024-09-01T22:56:40.0681216Z,9.757050514
2024-09-01T22:56:41.047993057Z,9.733050346
2024-09-01T22:56:42.043199423Z,10.19505024
2024-09-01T22:56:43.075952535Z,9.811950684
2024-09-01T22:56:44.082299876Z,9.74505043
2024-09-01T22:56:45.067277759Z,9.751950264
2024-09-01T22:56:46.115297682Z,9.757050514
2024-09-01T22:56:47.086974273Z,9.763950348
2024-09-01T22:56:48.111330384Z,9.757050514
2024-09-01T22:56:49.097032843Z,9.762000084
2024-09-01T22:56:50.124946398Z,9.759000778
2024-09-01T22:56:51.161764596Z,9.73995018
2024-09-01T22:56:52.144262625Z,9.747000694
2024-09-01T22:56:53.133584718Z,9.762000084
2024-09-01T22:56:54.195957773Z,9.769050598
2024-09-01T22:56:55.180406854Z,9.762000084
2024-09-01T22:56:56.189097455Z,9.762000084
2024-09-01T22:56:57.19091827Z,9.757050514
2024-09-01T22:56:58.207884742Z,9.754050255
2024-09-01T22:56:59.257849328Z,9.75
2024-09-01T22:57:00.234700354Z,9.762000084
2024-09-01T22:57:01.212726918Z,9.757050514
2024-09-01T22:57:02.27304442Z,9.747000694
2024-09-01T22:57:03.24342174Z,9.769050598
2024-09-01T22:57:04.238961196Z,9.759000778
2024-09-01T22:57:05.219933582Z,9.808950424
2024-09-01T22:57:06.235285229Z,9.751950264
2024-09-01T22:57:07.241274102Z,9.757050514
2024-09-01T22:57:08.299057898Z,9.774000168
2024-09-01T22:57:09.280365417Z,9.766050339
2024-09-01T22:57:10.3411181Z,9.762000084
2024-09-01T22:57:11.293892047Z,9.754050255
2024-09-01T22:57:12.309610486Z,9.762000084
2024-09-01T22:57:13.295677902Z,9.763950348
2024-09-01T22:57:14.320147354Z,9.757050514
2024-09-01T22:57:15.333514479Z,9.763950348
2024-09-01T22:57:16.35833266Z,9.757050514
2024-09-01T22:57:17.323723388Z,9.751950264
2024-09-01T22:57:18.42069378Z,9.742050171
2024-09-01T22:57:19.370344675Z,9.762000084
2024-09-01T22:57:20.359521659Z,9.781050682
2024-09-01T22:57:21.367343577Z,9.751950264
2024-09-01T22:57:22.379992915Z,9.675000191
2024-09-01T22:57:23.361485284Z,9.781050682
2024-09-01T22:57:24.391631689Z,9.754050255
2024-09-01T22:57:25.384108547Z,9.763950348
2024-09-01T22:57:26.388527346Z,9.751950264
2024-09-01T22:57:27.443507994Z,9.751950264
2024-09-01T22:57:28.431139233Z,9.769050598
2024-09-01T22:57:29.451038202Z,9.757050514
2024-09-01T22:57:30.471910149Z,9.751950264
2024-09-01T22:57:31.491528399Z,9.759000778
2024-09-01T22:57:32.517179078Z,9.762000084
2024-09-01T22:57:33.532368916Z,9.759000778
2024-09-01T22:57:34.552555482Z,9.775950432
2024-09-01T22:57:35.571976553Z,9.80700016
2024-09-01T22:57:36.591535441Z,9.754050255
2024-09-01T22:57:37.614066782Z,9.778050423
2024-09-01T22:57:38.632667293Z,9.762000084
2024-09-01T22:57:39.656450246Z,9.73800087
2024-09-01T22:57:40.764364107Z,9.751950264
2024-09-01T22:57:41.499801668Z,9.757050514
2024-09-01T22:57:42.508351339Z,9.763950348
2024-09-01T22:57:43.558551707Z,9.762000084
2024-09-01T22:57:44.523891983Z,9.763950348
2024-09-01T22:57:45.530228316Z,9.7999506
2024-09-01T22:57:46.533043678Z,9.754050255
2024-09-01T22:57:47.577696541Z,9.754050255
2024-09-01T22:57:48.58082363Z,9.762000084
2024-09-01T22:57:49.588913396Z,9.759000778
2024-09-01T22:57:50.583705163Z,9.757050514
2024-09-01T22:57:51.637342324Z,9.771000862
2024-09-01T22:57:52.619696049Z,9.75
2024-09-01T22:57:53.597137699Z,9.751950264
2024-09-01T22:57:54.60601115Z,9.757050514
2024-09-01T22:57:55.642140875Z,9.771000862
2024-09-01T22:57:56.611104595Z,9.711000443
2024-09-01T22:57:57.635909467Z,9.759000778
2024-09-01T22:57:58.657996994Z,9.721050262
2024-09-01T22:57:59.710666738Z,9.762000084
2024-09-01T22:58:00.665017157Z,9.754050255
2024-09-01T22:58:01.649330251Z,9.742050171
2024-09-01T22:58:02.686735727Z,9.757050514
2024-09-01T22:58:03.681679632Z,9.747000694
2024-09-01T22:58:04.698480066Z,9.751950264
2024-09-01T22:58:05.709769983Z,9.759000778
2024-09-01T22:58:06.722285158Z,9.766050339
2024-09-01T22:58:07.785496038Z,9.759000778
2024-09-01T22:58:08.734089654Z,9.762000084
2024-09-01T22:58:09.758050178Z,9.759000778
2024-09-01T22:58:10.751719722Z,9.757050514
2024-09-01T22:58:11.74262311Z,9.751950264
2024-09-01T22:58:12.776348509Z,9.763950348
2024-09-01T22:58:13.780581507Z,9.747000694
2024-09-01T22:58:14.773189668Z,9.75
2024-09-01T22:58:15.86057853Z,9.75
2024-09-01T22:58:16.860127743Z,9.757050514
2024-09-01T22:58:17.853336132Z,9.766050339
2024-09-01T22:58:18.808264916Z,9.754050255
2024-09-01T22:58:19.789687695Z,9.766050339
2024-09-01T22:58:20.802149656Z,9.762000084
2024-09-01T22:58:21.841725849Z,9.754050255
2024-09-01T22:58:22.841187389Z,9.763950348
2024-09-01T22:58:23.930566371Z,9.766050339
2024-09-01T22:58:24.883883826Z,9.763950348
2024-09-01T22:58:25.873114995Z,9.754050255
2024-09-01T22:58:26.884245363Z,9.766050339
2024-09-01T22:58:27.881516846Z,9.763950348
2024-09-01T22:58:28.916541391Z,9.757050514
2024-09-01T22:58:29.897222507Z,9.75
2024-09-01T22:58:30.93301101Z,9.762000084
2024-09-01T22:58:31.90957273Z,9.778050423
2024-09-01T22:58:32.958721889Z,9.759000778
2024-09-01T22:58:33.93635026Z,9.774000168
2024-09-01T22:58:34.960864996Z,9.757050514
2024-09-01T22:58:35.939175772Z,9.771000862
2024-09-01T22:58:36.957216739Z,9.757050514
2024-09-01T22:58:37.97267557Z,9.759000778
2024-09-01T22:58:38.948366154Z,9.762000084
2024-09-01T22:58:39.97770783Z,9.751950264
2024-09-01T22:58:41.035043574Z,9.68295002
2024-09-01T22:58:41.981944791Z,9.762000084
2024-09-01T22:58:42.998659806Z,9.778050423
2024-09-01T22:58:44.007087207Z,9.751950264
2024-09-01T22:58:45.014464529Z,9.757050514
2024-09-01T22:58:46.025188147Z,9.754050255
2024-09-01T22:58:47.031155583Z,9.759000778
2024-09-01T22:58:48.034464313Z,9.742050171
2024-09-01T22:58:49.111638664Z,9.75
2024-09-01T22:58:50.059686925Z,9.757050514
2024-09-01T22:58:51.069836371Z,9.778050423
2024-09-01T22:58:52.081011658Z,9.757050514
2024-09-01T22:58:53.094657974Z,9.73995018
2024-09-01T22:58:54.09414507Z,9.763950348
2024-09-01T22:58:55.438289483Z,9.814050674
2024-09-01T22:58:56.125559425Z,9.730050087
2024-09-01T22:58:57.12371201Z,9.727950096
2024-09-01T22:58:58.198706618Z,9.759000778
2024-09-01T22:58:59.122621674Z,9.763950348
2024-09-01T22:59:00.226588844Z,9.751950264
2024-09-01T22:59:02.213841893Z,8.050050735
2024-09-01T22:59:03.231350639Z,5.707950115
2024-09-01T22:59:04.263453837Z,6.187050343
2024-09-01T22:59:05.239664131Z,6.169950485
2024-09-01T22:59:06.253548682Z,6.067050457
2024-09-01T22:59:07.270712855Z,6.100950241
2024-09-01T22:59:08.374046312Z,6.06000042
2024-09-01T22:59:09.281273054Z,6.136950493
2024-09-01T22:59:10.278109909Z,5.665050507
2024-09-01T22:59:11.30240986Z,8.667000771
2024-09-01T22:59:12.31104266Z,8.875950813
2024-09-01T22:59:13.326221114Z,8.789999962
2024-09-01T22:59:14.3131905Z,8.761050224
2024-09-01T22:59:15.371654219Z,8.706000328
2024-09-01T22:59:16.336564668Z,8.725049973
2024-09-01T22:59:17.448621903Z,9.253950119
2024-09-01T22:59:18.444497339Z,9.831000328
2024-09-01T22:59:19.385604329Z,9.80700016
2024-09-01T22:59:20.420778443Z,9.831000328
2024-09-01T22:59:21.369833125Z,9.80505085
2024-09-01T22:59:22.382983503Z,9.820950508
2024-09-01T22:59:23.484955972Z,9.80505085
2024-09-01T22:59:24.406695798Z,9.802050591
2024-09-01T22:59:25.406317985Z,9.829050064
2024-09-01T22:59:26.418777087Z,9.80700016
2024-09-01T22:59:27.418215698Z,9.814050674
2024-09-01T22:59:28.425788707Z,9.841050148
2024-09-01T22:59:29.435782005Z,9.80505085
2024-09-01T22:59:30.443740551Z,9.782999992
2024-09-01T22:59:31.474492183Z,9.774000168
2024-09-01T22:59:32.502866728Z,9.823950768
2024-09-01T22:59:33.471036816Z,9.814050674
2024-09-01T22:59:34.47086673Z,9.814050674
2024-09-01T22:59:35.483807407Z,9.823950768
2024-09-01T22:59:36.515195732Z,9.762000084
2024-09-01T22:59:37.484398755Z,9.829050064
2024-09-01T22:59:38.648196715Z,9.880950928
2024-09-01T22:59:39.589908717Z,9.7999506
2024-09-01T22:59:40.517233488Z,9.802050591
2024-09-01T22:59:41.588574479Z,9.787950516
2024-09-01T22:59:42.532335481Z,9.786000252
2024-09-01T22:59:43.537093796Z,9.622950554
2024-09-01T22:59:44.540012714Z,9.86700058
2024-09-01T22:59:45.551582023Z,9.793050766
2024-09-01T22:59:46.561673325Z,9.859950066
2024-09-01T22:59:47.558718391Z,9.73800087
2024-09-02T00:00:37.790308321Z,6.418950081
2024-09-02T00:00:38.775487845Z,1.393950105
2024-09-02T00:00:39.792803784Z,7.458000183
2024-09-02T00:00:40.783337417Z,7.432050228
2024-09-02T00:00:41.756142143Z,7.542000294
2024-09-02T00:00:42.770142409Z,6.916950226
2024-09-02T00:00:43.729660574Z,9.714000702
2024-09-02T00:00:44.730161212Z,9.823950768
2024-09-02T00:00:45.697075187Z,9.790050507
2024-09-02T00:00:46.725936217Z,9.895950317
2024-09-02T00:00:47.767761628Z,9.823950768
2024-09-02T00:00:48.717371613Z,9.814050674
2024-09-02T00:00:49.684254082Z,9.80700016
2024-09-02T00:00:50.685060333Z,9.843000412
2024-09-02T00:00:51.660539583Z,9.7999506
2024-09-02T00:00:52.660827115Z,9.80700016
2024-09-02T00:00:53.657800236Z,9.85695076
2024-09-02T00:00:54.667243296Z,9.859950066
2024-09-02T00:00:55.628038141Z,9.865050316
2024-09-02T00:00:56.617436984Z,9.817050934
2024-09-02T00:00:57.64460018Z,9.826050758
2024-09-02T00:00:58.694277132Z,9.826050758
2024-09-02T00:00:59.641721785Z,9.820950508
2024-09-02T00:01:00.594558995Z,9.832950592
2024-09-02T00:01:01.604417972Z,9.826050758
2024-09-02T00:01:02.580701494Z,9.808950424
2024-09-02T00:01:03.590701752Z,9.843000412
2024-09-02T00:01:04.581371526Z,9.819000244
2024-09-02T00:01:05.560064704Z,9.832950592
2024-09-02T00:01:06.591917205Z,9.819000244
2024-09-02T00:01:07.559707881Z,9.838050842
2024-09-02T00:01:08.672171073Z,9.907950401
2024-09-02T00:01:09.513295742Z,9.766050339
2024-09-02T00:01:10.569722463Z,9.790050507
2024-09-02T00:01:11.521082551Z,9.820950508
2024-09-02T00:01:12.520287014Z,9.811950684
2024-09-02T00:01:13.524692876Z,9.819000244
2024-09-02T00:01:14.511761Z,9.811950684
2024-09-02T00:01:15.509946891Z,9.85695076
2024-09-02T00:01:16.502498029Z,9.80505085
2024-09-02T00:01:17.47953521Z,9.808950424
2024-09-02T00:01:18.504692996Z,9.819000244
2024-09-02T00:01:19.477148564Z,9.823950768
2024-09-02T00:01:53.634344945Z,6.20895052
2024-09-02T00:01:54.567480873Z,6.573000431
2024-09-02T00:01:55.619501163Z,10.53000069
2024-09-02T00:11:36.020868383Z,7.248000145
2024-09-02T00:11:37.020327796Z,7.492050171
2024-09-02T00:11:38.055134904Z,7.351050377
2024-09-02T00:11:39.050762411Z,7.129950523
2024-09-02T00:11:40.073818089Z,7.425000191
2024-09-02T00:11:41.033831827Z,7.59705019
2024-09-02T00:11:42.056329638Z,7.533000469
2024-09-02T00:11:43.144083213Z,7.681050301
2024-09-02T00:11:44.105977002Z,7.267050266
2024-09-02T00:11:45.29036923Z,7.894050598
2024-09-02T00:11:46.102719925Z,7.654950142
2024-09-02T00:11:47.128643505Z,8.236050606
2024-09-02T00:11:48.176503942Z,7.738050461
2024-09-02T00:11:49.176133313Z,7.738050461
2024-09-02T00:11:50.162381261Z,7.852950573
2024-09-02T00:11:51.223618221Z,7.722000599
2024-09-02T00:11:52.208551411Z,8.07404995
2024-09-02T00:11:53.333347161Z,8.07404995
2024-09-02T00:11:54.299754289Z,8.06400013
2024-09-02T00:11:55.215152432Z,8.038050652
2024-09-02T00:11:56.24713268Z,8.014050484
2024-09-02T00:11:57.224969767Z,8.07404995
2024-09-02T00:11:58.341698309Z,8.026050568
2024-09-02T00:11:59.293213444Z,7.978050232
2024-09-02T00:12:00.240299702Z,7.908000469
2024-09-02T00:12:01.250525723Z,8.062050819
2024-09-02T00:12:02.265728242Z,8.016000748
2024-09-02T00:12:03.290714335Z,8.016000748
2024-09-02T00:12:04.301838601Z,8.028000832
2024-09-02T00:12:05.33442894Z,8.035050392
2024-09-02T00:12:06.319507398Z,8.035050392
2024-09-02T00:12:07.368421944Z,8.052000046
2024-09-02T00:12:08.342720607Z,8.124000549
2024-09-02T00:12:09.338921901Z,8.119050026
2024-09-02T00:12:10.322332455Z,9.826050758
2024-09-02T00:12:11.357608229Z,9.790050507
2024-09-02T00:12:12.386536943Z,9.781050682
2024-09-02T00:12:13.373278591Z,9.79695034
2024-09-02T00:12:14.385805744Z,9.793050766
2024-09-02T00:12:15.442984911Z,9.790050507
2024-09-02T00:12:16.398849905Z,9.786000252
2024-09-02T00:12:17.370060368Z,9.778050423
2024-09-02T00:12:18.37795741Z,9.795000076
2024-09-02T00:12:19.461723533Z,9.774000168
2024-09-02T00:12:20.398722995Z,9.759000778
2024-09-02T00:12:21.401121905Z,9.775950432
2024-09-02T00:12:22.415092825Z,9.778050423
2024-09-02T00:12:23.514734662Z,9.775950432
2024-09-02T00:12:24.478392213Z,9.781050682
2024-09-02T00:12:25.444008384Z,9.766050339
2024-09-02T00:12:26.463796207Z,9.782999992
2024-09-02T00:12:27.452191037Z,9.790050507
2024-09-02T00:12:28.480648009Z,9.790050507
2024-09-02T00:12:29.487693258Z,9.766050339
2024-09-02T00:12:30.501152441Z,9.790050507
2024-09-02T00:12:31.591820653Z,9.79695034
2024-09-02T00:12:32.547423542Z,9.790050507
2024-09-02T00:12:33.521888909Z,9.787950516
2024-09-02T00:12:34.522195153Z,9.778050423
2024-09-02T00:12:35.536755646Z,9.771000862
2024-09-02T00:12:36.517299006Z,9.778050423
2024-09-02T00:12:37.556306386Z,9.790050507
2024-09-02T00:12:38.568575016Z,9.793050766
2024-09-02T00:12:39.541020393Z,9.781050682
2024-09-02T00:12:40.616884508Z,9.766050339
2024-09-02T00:12:41.567524194Z,9.766050339
2024-09-02T00:12:42.593807361Z,9.775950432
2024-09-02T00:12:43.630421288Z,9.786000252
2024-09-02T00:12:44.587578914Z,9.781050682
2024-09-02T00:15:50.714024296Z,8.526000023
2024-09-02T00:15:51.779229042Z,8.550000191
2024-09-02T00:15:52.91482133Z,8.512050629
2024-09-02T00:15:53.889512571Z,8.386950493
2024-09-02T00:15:54.894834148Z,8.73195076
2024-09-02T00:15:55.887008529Z,8.332050323
2024-09-02T00:15:56.890035864Z,8.281949997
2024-09-02T00:15:57.913405809Z,8.229000092
2024-09-02T00:15:58.908583274Z,7.942050457
2024-09-02T00:15:59.909955952Z,8.176950455
2024-09-02T00:16:00.990745523Z,8.956950188
2024-09-02T00:16:01.963669809Z,9.477000237
2024-09-02T00:16:02.960202326Z,9.826050758
2024-09-02T00:16:03.969616112Z,9.80505085
2024-09-02T00:16:04.983868276Z,9.811950684
2024-09-02T00:16:05.980464829Z,9.7999506
2024-09-02T00:16:06.999331665Z,9.811950684
2024-09-02T00:16:08.010373986Z,9.92895031
2024-09-02T00:16:09.060468079Z,9.835950851
2024-09-02T00:16:10.012832237Z,9.835950851
2024-09-02T00:16:11.024699812Z,9.80700016
2024-09-02T00:16:12.018200504Z,9.782999992
2024-09-02T00:16:13.014809256Z,9.808950424
2024-09-02T00:16:14.039904014Z,9.787950516
2024-09-02T00:16:15.238558785Z,9.793050766
2024-09-02T00:16:16.088577101Z,9.79695034
2024-09-02T00:16:17.135614805Z,9.795000076
2024-09-02T00:16:18.086097171Z,9.826050758
2024-09-02T00:16:19.092833175Z,9.916950226
2024-09-02T00:16:20.066587795Z,9.838050842
2024-09-02T00:16:21.099036476Z,9.829050064
2024-09-02T00:16:22.078397063Z,9.757050514
2024-09-02T00:16:23.089270278Z,9.829050064
2024-09-02T00:16:24.092244401Z,9.793050766
2024-09-02T00:16:25.105290481Z,9.766050339
2024-09-02T00:16:26.169767228Z,9.862050056
2024-09-02T00:16:27.114190475Z,9.847950935
2024-09-02T00:16:28.129453734Z,9.7999506
2024-09-02T00:16:29.13107093Z,9.80700016
2024-09-02T00:16:30.137731939Z,9.7999506
2024-09-02T00:16:31.150218384Z,9.795000076
2024-09-02T00:16:32.180086674Z,9.80700016
2024-09-02T00:16:33.171740362Z,9.7999506
2024-09-02T00:16:34.240089298Z,9.808950424
2024-09-02T00:16:35.189485009Z,9.79695034
2024-09-02T00:16:36.21626274Z,9.790050507
2024-09-02T00:16:37.198097128Z,9.7999506
2024-09-02T00:16:38.22593101Z,9.802050591
2024-09-02T00:16:39.229627572Z,9.787950516
2024-09-02T00:16:40.247034864Z,9.7999506
2024-09-02T00:16:41.225060347Z,9.795000076
2024-09-02T00:20:28.886114428Z,8.383049965
2024-09-02T00:20:29.844447814Z,8.338950157
2024-09-02T00:20:30.814471101Z,8.470950127
2024-09-02T00:20:31.851174855Z,8.409000397
2024-09-02T00:20:32.830731958Z,8.469000816
2024-09-02T00:20:33.88694527Z,8.485050201
2024-09-02T00:20:34.84532173Z,8.480999947
2024-09-02T00:20:36.013449227Z,8.433000565
2024-09-02T00:20:36.960542674Z,8.304000854
2024-09-02T00:20:37.913242174Z,8.373000145
2024-09-02T00:20:38.882276381Z,8.413949966
2024-09-02T00:20:39.890681394Z,8.416049957
2024-09-02T00:20:40.898557756Z,8.416049957
2024-09-02T00:20:41.906350894Z,8.311050415
2024-09-02T00:20:42.909669551Z,8.430000305
2024-09-02T00:20:43.911809523Z,8.404050827
2024-09-02T00:20:44.938357183Z,8.502000809
2024-09-02T00:20:45.992125513Z,8.560050011
2024-09-02T00:20:46.940376707Z,8.377950668
2024-09-02T00:20:47.956544238Z,8.314949989
2024-09-02T00:20:48.989918819Z,8.325000763
2024-09-02T00:20:49.990799Z,8.233950615
2024-09-02T00:20:50.988447594Z,8.350950241
2024-09-02T00:20:52.012507785Z,8.449950218
2024-09-02T00:20:53.006322159Z,8.268000603
2024-09-02T00:20:54.064759538Z,8.389950752
2024-09-02T00:20:55.020477892Z,8.458950043
2024-09-02T00:20:56.044887514Z,8.406000137
2024-09-02T00:20:57.066115574Z,8.308050156
2024-09-02T00:20:58.062203874Z,8.359050751
2024-09-02T00:20:59.047755427Z,8.325000763
2024-09-02T00:21:00.053335055Z,8.32005024
2024-09-02T00:21:01.090114213Z,8.380050659
2024-09-02T00:21:02.163760412Z,8.362950325
2024-09-02T00:21:03.084878214Z,8.329950333
2024-09-02T00:21:04.089067719Z,8.371050835
2024-09-02T00:21:05.100884817Z,8.314949989
2024-09-02T00:21:06.165214801Z,8.338950157
2024-09-02T00:21:07.109488817Z,8.401950836
2024-09-02T00:21:08.105490759Z,8.54295063
2024-09-02T00:21:09.117227775Z,8.055000305
2024-09-02T00:21:10.11259226Z,9.192000389
2024-09-02T00:21:11.168697525Z,8.836950302
2024-09-02T00:21:12.141058241Z,7.375050545
2024-09-02T00:21:13.147730714Z,10.74600029
2024-09-02T00:21:14.150846887Z,9.790050507
2024-09-02T00:21:15.188650636Z,9.793050766
2024-09-02T00:21:16.196228158Z,9.782999992
2024-09-02T00:21:17.176886868Z,9.79695034
2024-09-02T00:21:18.186293522Z,9.79695034
2024-09-02T00:21:19.239868706Z,9.790050507
2024-09-02T00:21:20.232551387Z,9.790050507
2024-09-02T00:21:21.280369451Z,9.795000076
2024-09-02T00:21:22.218577359Z,9.802050591
2024-09-02T00:21:23.253301706Z,9.786000252
2024-09-02T00:22:38.656911347Z,7.024950504
2024-09-02T00:22:39.740171936Z,6.606000423
2024-09-02T00:22:40.691620991Z,8.689050674
2024-09-02T00:22:41.678386042Z,8.526000023
2024-09-02T00:22:42.695870044Z,8.641050339
2024-09-02T00:22:43.686933328Z,8.67195034
2024-09-02T00:22:44.770204427Z,8.686950684
2024-09-02T00:22:46.066024645Z,8.758049965
2024-09-02T00:22:47.084852036Z,8.818050385
2024-09-02T00:22:48.104986149Z,8.727000237
2024-09-02T00:22:49.126990025Z,8.701050758
2024-09-02T00:22:50.154886615Z,8.713050842
2024-09-02T00:22:51.166667529Z,9.204000473
2024-09-02T00:22:51.764084321Z,8.32005024
2024-09-02T00:22:52.757584157Z,9.880950928
2024-09-02T00:22:53.765003503Z,5.181000233
2024-09-02T00:22:54.787278734Z,6.751950264
2024-09-02T00:22:55.785874662Z,9.759000778
2024-09-02T00:22:56.791716338Z,9.79695034
2024-09-02T00:22:57.806903742Z,9.787950516
2024-09-02T00:22:58.836543174Z,9.79695034
2024-09-02T00:22:59.820663922Z,9.795000076
2024-09-02T00:23:00.879643326Z,9.787950516
2024-09-02T00:23:01.847567868Z,9.774000168
2024-09-02T00:23:02.942682214Z,9.778050423
2024-09-02T00:23:03.884559688Z,9.79695034
2024-09-02T00:23:04.879046762Z,9.781050682
2024-09-02T00:23:05.915501532Z,9.7999506
2024-09-02T00:23:06.899348816Z,9.80505085
2024-09-02T00:23:07.907505129Z,9.786000252
2024-09-02T00:23:08.89014903Z,9.793050766
2024-09-02T00:23:09.894928437Z,9.819000244
2024-09-02T00:23:10.906433987Z,9.790050507
2024-09-02T00:23:11.962072457Z,9.795000076
2024-09-02T00:23:12.918300565Z,9.80505085
2024-09-02T00:23:13.954877877Z,9.787950516
2024-09-02T00:23:14.937024511Z,9.79695034
2024-09-02T00:23:15.990589476Z,9.7999506
2024-09-02T00:23:16.980286062Z,9.80505085
2024-09-02T00:23:17.987852309Z,9.80700016
2024-09-02T00:23:19.086261421Z,9.7999506
2024-09-02T00:23:20.065240558Z,9.80700016
2024-09-02T00:23:21.080550204Z,9.7999506
2024-09-02T00:23:21.989923081Z,9.7999506
2024-09-02T00:23:22.989548631Z,9.795000076
2024-09-02T00:23:24.029428031Z,9.795000076
2024-09-02T00:23:25.033823617Z,9.793050766
2024-09-02T00:23:26.042829046Z,9.79695034
2024-09-02T00:23:27.04853683Z,9.790050507
2024-09-02T00:23:28.113194595Z,9.79695034
2024-09-02T00:23:29.066396884Z,9.782999992
2024-09-02T00:23:30.049204181Z,9.7999506
2024-09-02T00:23:31.090671782Z,9.787950516
2024-09-02T00:23:32.098871888Z,9.774000168
2024-09-02T00:23:33.126150451Z,9.778050423
2024-09-02T00:23:34.11926782Z,9.79695034
2024-09-02T00:23:35.263580901Z,9.795000076
2024-09-02T00:23:36.188643521Z,9.80505085
2024-09-02T00:23:37.136405626Z,9.808950424
2024-09-02T00:24:50.474047993Z,8.152950287
2024-09-02T00:24:51.520509392Z,8.023050308
2024-09-02T00:24:52.470809304Z,8.61495018
2024-09-02T00:24:53.471019375Z,8.335050583
2024-09-02T00:24:54.500069118Z,8.421000481
2024-09-02T00:24:55.497739198Z,8.406000137
2024-09-02T00:24:56.489881701Z,8.418000221
2024-09-02T00:24:57.523638766Z,8.406000137
2024-09-02T00:24:58.534224121Z,8.311050415
2024-09-02T00:24:59.593796836Z,8.359050751
2024-09-02T00:25:00.551404764Z,8.485050201
2024-09-02T00:25:01.566972023Z,8.361000061
2024-09-02T00:25:02.566876803Z,8.454000473
2024-09-02T00:25:03.587711735Z,8.344050407
2024-09-02T00:25:04.581176812Z,8.149950027
2024-09-02T00:25:05.574283336Z,10.00095081
2024-09-02T00:25:06.578142748Z,9.747000694
2024-09-02T00:25:07.677293738Z,9.742050171
2024-09-02T00:25:08.619583978Z,9.769050598
2024-09-02T00:25:09.589228822Z,9.747000694
2024-09-02T00:25:10.620936551Z,9.747000694
2024-09-02T00:25:11.6494881Z,9.759000778
2024-09-02T00:25:12.635983051Z,9.73800087
2024-09-02T00:25:13.658207883Z,9.747000694
2024-09-02T00:25:14.636339256Z,9.774000168
2024-09-02T00:25:15.745078481Z,9.786000252
2024-09-02T00:25:16.696978899Z,9.75
2024-09-02T00:25:17.650083488Z,9.75
2024-09-02T00:25:18.687752622Z,9.747000694
2024-09-02T00:25:19.706300321Z,9.75
2024-09-02T00:25:20.691096695Z,9.757050514
2024-09-02T00:25:21.684581064Z,9.74505043
2024-09-02T00:25:22.720892509Z,9.754050255
2024-09-02T00:25:23.713025072Z,9.73800087
2024-09-02T00:25:24.772913026Z,9.757050514
2024-09-02T00:25:25.75104456Z,9.762000084
2024-09-02T00:25:26.730309669Z,9.75
2024-09-02T00:25:27.759734676Z,9.74505043
2024-09-02T00:25:28.770065516Z,9.759000778
2024-09-02T00:25:29.839598607Z,9.762000084
2024-09-02T00:25:30.81606223Z,9.751950264
2024-09-02T00:25:31.899032623Z,9.757050514
2024-09-02T00:25:32.847218496Z,9.751950264
2024-09-02T00:25:33.795274387Z,9.757050514
2024-09-02T00:25:34.80253184Z,9.757050514
2024-09-02T00:25:35.827118284Z,9.75
2024-09-02T00:25:36.81586936Z,9.74505043
2024-09-02T00:25:37.797283998Z,9.754050255
2024-09-02T00:25:38.837441554Z,9.73995018
2024-09-02T00:25:39.831170546Z,9.73500061
2024-09-02T00:25:40.921041329Z,9.74505043
2024-09-02T00:25:41.866340168Z,9.751950264
2024-09-02T00:25:42.852552429Z,9.759000778
2024-09-02T00:25:43.87455265Z,9.79695034
2024-09-02T00:25:44.884084693Z,9.733050346
2024-09-02T00:25:45.91542331Z,9.751950264
2024-09-02T00:25:46.899456958Z,9.73800087
2024-09-02T00:25:47.920366533Z,9.759000778
2024-09-02T00:25:48.892385985Z,9.762000084
2024-09-02T00:26:00.892945903Z,9.67800045
2024-09-02T00:26:01.940407294Z,9.164999962
2024-09-02T00:26:02.891805885Z,9.072000504
2024-09-02T00:26:03.866857956Z,8.935950279
2024-09-02T00:26:04.872568876Z,9.118050575
2024-09-02T00:26:05.838222718Z,8.743950844
2024-09-02T00:26:06.84311068Z,8.968950272
2024-09-02T00:26:07.840703438Z,8.968950272
2024-09-02T00:26:08.809153136Z,8.789999962
2024-09-02T00:26:09.795312142Z,9.781050682
2024-09-02T00:26:10.819891126Z,9.790050507
2024-09-02T00:26:11.814018678Z,9.793050766
2024-09-02T00:26:12.864034133Z,9.790050507
2024-09-02T00:26:13.814764498Z,9.7999506
2024-09-02T00:26:14.767109803Z,9.790050507
2024-09-02T00:26:15.777094363Z,9.80505085
2024-09-02T00:26:16.746231618Z,9.7999506
2024-09-02T00:26:17.768373804Z,9.793050766
2024-09-02T00:26:18.743552436Z,9.782999992
2024-09-02T00:26:19.735271567Z,10.10205078
2024-09-02T00:26:20.738434725Z,9.916950226
2024-09-02T00:26:21.722226606Z,9.79695034
2024-09-02T00:26:22.71103577Z,9.757050514
2024-09-02T00:26:23.686445434Z,9.814050674
2024-09-02T00:26:24.734096529Z,9.814050674
2024-09-02T00:26:25.687301982Z,9.811950684
2024-09-02T00:26:26.663342001Z,9.782999992
2024-09-02T00:26:27.659849072Z,9.814050674
2024-09-02T00:26:28.644433822Z,9.811950684
2024-09-02T00:26:29.629010589Z,9.781050682
2024-09-02T00:26:30.632652111Z,9.793050766
2024-09-02T00:26:31.607746188Z,9.775950432
2024-09-02T00:26:32.61654079Z,9.786000252
2024-09-02T00:26:33.586134141Z,9.786000252
2024-09-02T00:26:34.604939547Z,9.766050339
2024-09-02T00:26:35.667109393Z,9.7999506
2024-09-02T00:26:36.610033276Z,9.778050423
2024-09-02T00:26:37.564147769Z,9.598950386
2024-09-02T00:26:38.56924339Z,9.802050591
2024-09-02T00:26:39.534999467Z,9.795000076
2024-09-02T00:26:40.525270855Z,9.757050514
2024-09-02T00:26:41.540964929Z,9.787950516
2024-09-02T00:26:42.539756587Z,9.774000168
2024-09-02T00:26:43.522523089Z,9.778050423
2024-09-02T00:26:44.505976033Z,9.7999506
2024-09-02T00:26:45.512309615Z,9.782999992
2024-09-02T00:26:46.585518566Z,9.782999992
2024-09-02T00:26:47.539130673Z,9.782999992
2024-09-02T00:26:48.505874161Z,9.787950516
2024-09-02T00:26:49.47232179Z,9.786000252
2024-09-02T00:26:50.461872639Z,9.775950432
2024-09-02T00:26:51.453938627Z,9.786000252
2024-09-02T00:26:52.438260621Z,9.778050423
2024-09-02T00:26:53.437490143Z,9.790050507
2024-09-02T00:26:54.407571349Z,9.781050682
2024-09-02T00:26:55.414303001Z,9.781050682
2024-09-02T00:26:56.415071481Z,9.787950516
2024-09-02T00:26:57.385628169Z,9.781050682
2024-09-02T00:26:58.462272805Z,9.787950516
2024-09-02T00:26:59.413782737Z,9.778050423
2024-09-02T00:27:00.55747626Z,9.787950516
2024-09-02T00:28:43.906830725Z,9.80700016
2024-09-02T00:28:44.958939403Z,9.802050591
2024-09-02T00:28:45.918856007Z,9.80700016
2024-09-02T00:28:46.930253182Z,9.7999506
2024-09-02T00:28:47.941419483Z,9.666000366
2024-09-02T00:28:48.966099399Z,9.808950424
2024-09-02T00:28:49.946823963Z,9.819000244
2024-09-02T00:28:50.970486969Z,9.80700016
2024-09-02T00:28:51.979613563Z,9.7999506
2024-09-02T00:28:53.060611077Z,9.7999506
2024-09-02T00:28:53.986260531Z,9.802050591
2024-09-02T00:28:55.010835032Z,9.790050507
2024-09-02T00:28:56.036332239Z,9.7999506
2024-09-02T00:28:57.021739947Z,9.7999506
2024-09-02T00:28:58.02448903Z,9.7999506
2024-09-02T00:28:59.053759301Z,9.793050766
2024-09-02T00:29:00.024575874Z,9.790050507
2024-09-02T00:29:01.11256272Z,9.802050591
2024-09-02T00:29:02.061411555Z,9.795000076
2024-09-02T00:29:03.076008004Z,9.795000076
2024-09-02T00:29:04.085650813Z,9.80700016
2024-09-02T00:29:05.101592482Z,9.808950424
2024-09-02T00:29:06.104655247Z,9.802050591
2024-09-02T00:29:07.112478014Z,9.80700016
2024-09-02T00:29:08.117804445Z,9.7999506
2024-09-02T00:29:09.187624118Z,9.79695034
2024-09-02T00:29:10.19858133Z,9.80505085
2024-09-02T00:29:11.155059429Z,9.793050766
2024-09-02T00:29:12.167024173Z,9.80505085
2024-09-02T00:29:13.194274473Z,9.7999506
2024-09-02T00:29:14.132360735Z,9.795000076
2024-09-02T00:29:15.163323888Z,9.80505085
2024-09-02T00:29:16.176964518Z,9.782999992
2024-09-02T00:29:17.153915367Z,9.790050507
2024-09-02T00:29:18.215207639Z,9.79695034
2024-09-02T00:29:19.167416043Z,9.802050591
2024-09-02T00:29:20.201787342Z,9.79695034
2024-09-02T00:29:21.214254887Z,9.730050087
2024-09-02T00:29:22.221759633Z,9.811950684
2024-09-02T00:29:23.223913026Z,9.7999506
2024-09-02T00:29:24.217202986Z,9.80505085
2024-09-02T00:29:25.220333116Z,9.79695034
2024-09-02T00:29:26.289066801Z,9.7999506
2024-09-02T00:29:27.233385572Z,9.79695034
2024-09-02T00:29:28.246270443Z,9.7999506
2024-09-02T00:29:29.290166238Z,9.793050766
2024-09-02T00:29:30.26020879Z,9.795000076
2024-09-02T00:29:31.26034128Z,9.79695034
2024-09-02T00:29:32.285175646Z,9.793050766
2024-09-02T00:29:33.283528358Z,9.790050507
2024-09-02T00:29:34.364801175Z,9.790050507
2024-09-02T00:29:35.312660502Z,9.802050591
2024-09-02T00:29:36.313976131Z,9.7999506
2024-09-02T00:29:37.325766011Z,9.79695034
2024-09-02T00:29:38.328026996Z,9.79695034
2024-09-02T00:29:39.335869749Z,9.79695034
2024-09-02T00:29:40.359818509Z,9.793050766
2024-09-02T00:29:41.37051663Z,9.795000076
2024-09-02T00:29:42.434739085Z,9.80505085
