timestamp,accel_x,accel_y,accel_z
2024-09-01T22:50:49.984594+00:00,-1.936050057,5.497050285,7.915950298
2024-09-01T22:50:51.111217+00:00,-1.948050141,5.485050201,7.939950466
2024-09-01T22:50:52.110231+00:00,-1.897950053,5.482050419,7.954050541
2024-09-01T22:50:53.129175+00:00,-1.885950089,5.458050251,8.020950317
2024-09-01T22:50:54.242832+00:00,-1.941000104,5.473050117,7.95195055
2024-09-01T22:50:55.194521+00:00,-1.882950068,5.482050419,7.93200016
2024-09-01T22:50:56.160207+00:00,-1.893000126,5.487000465,7.954050541
2024-09-01T22:50:57.192748+00:00,-1.867050052,5.485050201,7.942050457
2024-09-01T22:50:58.198175+00:00,-0.664950013,3.463950157,11.42805099
2024-09-01T22:50:59.950668+00:00,1.329000115,1.798050046,9.972000122
2024-09-01T22:51:00.244825+00:00,5.025000095,0.313050002,9
2024-09-01T22:51:01.252455+00:00,4.756950378,0.270000011,8.512050629
2024-09-01T22:51:02.326377+00:00,4.807050228,0.298950016,8.593050003
2024-09-01T22:51:03.331886+00:00,4.731000423,0.250950009,8.626950264
2024-09-01T22:51:04.310926+00:00,4.690050125,0.262950003,8.653050423
2024-09-01T22:51:05.287855+00:00,4.657050133,0.250950009,8.694000244
2024-09-01T22:51:06.323171+00:00,4.635000229,0.261000007,8.665050507
2024-09-01T22:51:07.336636+00:00,4.660950184,0.274950027,8.74905014
2024-09-01T22:51:08.334382+00:00,4.771050453,0.274950027,8.93295002
2024-09-01T22:51:09.440024+00:00,-3.330000162,6.330000401,10.50405025
2024-09-01T22:51:10.398824+00:00,0.25605002,6.936000347,6.74505043
2024-09-01T22:51:11.347087+00:00,0.65805006,5.833950043,8.191050529
2024-09-01T22:51:12.375371+00:00,0.244050011,5.725950241,7.983000278
2024-09-01T22:51:13.390571+00:00,0.217950016,5.794050217,8.092950821
2024-09-01T22:51:14.388671+00:00,0.217950016,5.805000305,8.008950233
2024-09-01T22:51:15.394353+00:00,0.237000018,5.788950443,7.95195055
2024-09-01T22:51:16.402040+00:00,0.244050011,5.734050274,7.963950157
2024-09-01T22:51:17.375978+00:00,0.225000009,5.710050106,8.077950478
2024-09-01T22:51:18.469284+00:00,0.222000018,5.592000484,7.387050152
2024-09-01T22:51:19.422619+00:00,-0.619050026,1.029000044,9.75
2024-09-01T22:51:20.446888+00:00,-0.622050047,1.042950034,9.774000168
2024-09-01T22:51:21.419170+00:00,-0.603000045,1.041000009,9.759000778
2024-09-01T22:51:22.523853+00:00,-0.619050026,1.072050095,9.73995018
2024-09-01T22:51:23.476604+00:00,-0.619050026,1.05795002,9.75
2024-09-01T22:51:24.472718+00:00,-0.619050026,1.053000093,9.74505043
2024-09-01T22:51:25.589085+00:00,-0.613950014,1.054949999,9.726000786
2024-09-01T22:51:26.543632+00:00,-0.628950059,1.060050011,9.747000694
2024-09-01T22:51:27.514695+00:00,-0.63105005,1.066950083,9.733050346
2024-09-01T22:51:28.491976+00:00,-0.628950059,1.051050067,9.73800087
2024-09-01T22:51:29.493668+00:00,-0.634050012,1.060050011,9.74505043
2024-09-01T22:51:30.508692+00:00,-0.643050015,1.060050011,9.742050171
2024-09-01T22:51:31.494994+00:00,-0.624000013,1.05795002,9.751950264
2024-09-01T22:51:32.492786+00:00,-0.624000013,1.053000093,9.751950264
2024-09-01T22:51:33.533921+00:00,-0.625950038,1.05795002,9.742050171
2024-09-01T22:51:34.515510+00:00,-0.643050015,1.054949999,9.751950264
2024-09-01T22:51:35.560644+00:00,-0.637950003,1.048050046,9.73800087
2024-09-01T22:51:36.549983+00:00,-0.634050012,1.051050067,9.74505043
2024-09-01T22:51:37.535513+00:00,-0.598050058,1.045950055,9.781050682
2024-09-01T22:51:38.550225+00:00,-0.636000037,1.063050032,9.751950264
2024-09-01T22:51:39.580545+00:00,-0.634050012,1.053000093,9.751950264
2024-09-01T22:51:40.578028+00:00,-0.643050015,1.063050032,9.754050255
2024-09-01T22:51:41.589608+00:00,-0.643050015,1.066950083,9.730050087
2024-09-01T22:51:42.695009+00:00,-0.634050012,1.053000093,9.74505043
2024-09-01T22:51:43.642133+00:00,-0.628950059,1.063050032,9.742050171
2024-09-01T22:51:44.627215+00:00,-0.634050012,1.063050032,9.754050255
2024-09-01T22:51:45.612694+00:00,-0.628950059,1.060050011,9.754050255
2024-09-01T22:51:46.637966+00:00,-0.636000037,1.063050032,9.759000778
2024-09-01T22:51:47.654567+00:00,-0.625950038,1.05795002,9.747000694
2024-09-01T22:51:48.657008+00:00,-0.625950038,1.05795002,9.742050171
2024-09-01T22:51:49.667979+00:00,-0.640950024,1.054949999,9.733050346
2024-09-01T22:51:50.642195+00:00,-0.63105005,1.054949999,9.742050171
2024-09-01T22:51:51.760657+00:00,-0.628950059,1.060050011,9.757050514
2024-09-01T22:51:56.860955+00:00,-0.661950052,1.029000044,9.74505043
2024-09-01T22:51:57.852582+00:00,-0.69600004,1.036050081,9.75
2024-09-01T22:51:58.868995+00:00,-0.682050049,1.039050102,9.73500061
2024-09-01T22:51:59.974197+00:00,-0.684000015,1.051050067,9.751950264
2024-09-01T22:52:00.933065+00:00,-0.670050025,1.063050032,9.73500061
2024-09-01T22:52:01.963996+00:00,-0.672000051,1.048050046,9.726000786
2024-09-01T22:52:02.922648+00:00,-0.673950016,1.051050067,9.769050598
2024-09-01T22:52:03.915363+00:00,-0.700950027,1.054949999,9.73500061
2024-09-01T22:52:04.934413+00:00,-0.579000056,1.004999995,9.754050255
2024-09-01T22:52:05.934193+00:00,-0.576000035,0.997950077,9.759000778
2024-09-01T22:52:07.000124+00:00,-0.588,0.997950077,9.754050255
2024-09-01T22:52:07.949668+00:00,-0.583050013,0.993000031,9.754050255
2024-09-01T22:52:09.006327+00:00,-0.574050009,1.003050089,9.751950264
2024-09-01T22:52:09.967644+00:00,-0.583050013,1.000050068,9.762000084
2024-09-01T22:52:10.948675+00:00,-0.568949997,0.997950077,9.769050598
2024-09-01T22:52:11.979821+00:00,-0.580950022,0.993000031,9.757050514
2024-09-01T22:52:12.988573+00:00,-0.571050048,0.997950077,9.762000084
2024-09-01T22:52:14.006558+00:00,-0.576000035,1.004999995,9.751950264
2024-09-01T22:52:15.001929+00:00,-0.571050048,0.996000051,9.763950348
2024-09-01T22:52:15.989131+00:00,-0.568949997,0.996000051,9.763950348
2024-09-01T22:52:17.077783+00:00,-0.579000056,0.997950077,9.75
2024-09-01T22:52:18.028443+00:00,-0.562050045,0.997950077,9.757050514
2024-09-01T22:52:19.033961+00:00,-0.583050013,0.988050044,9.74505043
2024-09-01T22:52:20.058690+00:00,-0.579000056,0.993000031,9.74505043
2024-09-01T22:52:21.057028+00:00,-0.580950022,1.003050089,9.757050514
2024-09-01T22:52:22.035525+00:00,-0.580950022,1.003050089,9.757050514
2024-09-01T22:52:23.077688+00:00,-0.571050048,1.003050089,9.757050514
2024-09-01T22:52:24.079612+00:00,-0.531000018,1.009950042,9.769050598
2024-09-01T22:52:25.151616+00:00,-0.591000021,0.985950053,9.754050255
2024-09-01T22:52:26.104093+00:00,-0.568949997,1.000050068,9.759000778
2024-09-01T22:52:27.134576+00:00,-0.579000056,1.000050068,9.759000778
2024-09-01T22:52:28.097768+00:00,-0.571050048,0.996000051,9.762000084
2024-09-01T22:52:29.113523+00:00,-0.576000035,0.997950077,9.759000778
2024-09-01T22:52:30.116978+00:00,-0.567000031,0.985950053,9.771000862
2024-09-01T22:52:31.130903+00:00,-0.574050009,0.997950077,9.75
2024-09-01T22:52:32.109040+00:00,-0.576000035,0.991050065,9.759000778
2024-09-01T22:52:33.122201+00:00,-0.571050048,1.003050089,9.74505043
2024-09-01T22:52:34.212378+00:00,-0.580950022,1.003050089,9.762000084
2024-09-01T22:52:35.142306+00:00,-0.568949997,0.988050044,9.75
2024-09-01T22:52:36.172583+00:00,-0.574050009,0.997950077,9.762000084
2024-09-01T22:52:37.181585+00:00,-0.583050013,0.988050044,9.754050255
2024-09-01T22:52:38.182077+00:00,-0.574050009,0.997950077,9.759000778
2024-09-01T22:52:39.197595+00:00,-0.580950022,0.996000051,9.747000694
2024-09-01T22:52:40.202948+00:00,-0.571050048,0.997950077,9.757050514
2024-09-01T22:52:41.308166+00:00,-0.579000056,0.993000031,9.754050255
2024-09-01T22:52:42.258009+00:00,-0.571050048,0.991050065,9.766050339
2024-09-01T22:52:43.230136+00:00,-0.579000056,0.996000051,9.763950348
2024-09-01T22:52:44.220934+00:00,-0.567000031,0.993000031,9.759000778
2024-09-01T22:52:45.207088+00:00,-0.567000031,0.993000031,9.751950264
2024-09-01T22:52:46.418259+00:00,-0.595050037,0.996000051,9.727950096
2024-09-01T22:52:47.311887+00:00,-0.568949997,1.000050068,9.733050346
2024-09-01T22:52:48.237548+00:00,-0.568949997,0.996000051,9.75
2024-09-01T22:52:49.266682+00:00,-0.576000035,0.996000051,9.751950264
2024-09-01T22:52:50.327620+00:00,-0.571050048,1.004999995,9.754050255
2024-09-01T22:52:51.276131+00:00,-0.580950022,0.993000031,9.762000084
2024-09-01T22:52:52.283762+00:00,-0.568949997,0.991050065,9.751950264
2024-09-01T22:52:53.300996+00:00,-0.532950044,0.988050044,9.759000778
2024-09-01T22:52:54.333395+00:00,-0.547049999,0.984000027,9.762000084
2024-09-01T22:52:55.309680+00:00,-0.556950033,0.988050044,9.75
2024-09-01T22:52:56.324507+00:00,-0.556950033,0.984000027,9.759000778
2024-09-01T22:52:57.335112+00:00,-0.555000007,0.993000031,9.75
2024-09-01T22:52:58.404066+00:00,-0.540000021,0.996000051,9.751950264
2024-09-01T22:52:59.694860+00:00,-0.552000046,0.996000051,9.759000778
2024-09-01T22:53:00.713965+00:00,-0.555000007,0.996000051,9.75
2024-09-01T22:53:01.732538+00:00,-0.543000042,0.984000027,9.769050598
2024-09-01T22:53:02.335358+00:00,-0.540000021,0.991050065,9.759000778
2024-09-01T22:53:03.358570+00:00,-0.552000046,0.985950053,9.763950348
2024-09-01T22:53:04.368303+00:00,-0.56400001,0.988050044,9.754050255
2024-09-01T22:53:05.816217+00:00,-0.555000007,0.996000051,9.763950348
2024-09-01T22:53:06.387740+00:00,-0.555000007,0.991050065,9.751950264
2024-09-01T22:53:07.417442+00:00,-0.552000046,0.991050065,9.757050514
2024-09-01T22:53:08.385123+00:00,-0.552000046,0.984000027,9.75
2024-09-01T22:53:09.399079+00:00,-0.552000046,0.988050044,9.766050339
2024-09-01T22:53:10.405362+00:00,-0.556950033,0.996000051,9.763950348
2024-09-01T22:53:11.428255+00:00,-0.559050024,0.993000031,9.763950348
2024-09-01T22:53:12.463612+00:00,-0.547049999,0.991050065,9.747000694
2024-09-01T22:53:13.449460+00:00,-0.555000007,0.991050065,9.73800087
2024-09-01T22:53:14.534231+00:00,-0.555000007,0.988050044,9.762000084
2024-09-01T22:53:15.475809+00:00,-0.555000007,0.993000031,9.759000778
2024-09-01T22:53:16.480807+00:00,-0.559050024,0.991050065,9.751950264
2024-09-01T22:53:17.481304+00:00,-0.555000007,0.981000066,9.751950264
2024-09-01T22:53:18.500869+00:00,-0.555000007,0.991050065,9.754050255
2024-09-01T22:53:19.515361+00:00,-0.544950008,0.985950053,9.759000778
2024-09-01T22:53:20.509215+00:00,-0.544950008,0.993000031,9.759000778
2024-09-01T22:53:21.531164+00:00,-0.562050045,0.993000031,9.762000084
2024-09-01T22:53:22.503191+00:00,-0.552000046,0.993000031,9.762000084
2024-09-01T22:53:23.551431+00:00,-0.56400001,1.004999995,9.763950348
2024-09-01T22:53:24.536495+00:00,-0.56400001,1.000050068,9.751950264
2024-09-01T22:53:25.618868+00:00,-0.562050045,0.985950053,9.762000084
2024-09-01T22:53:27.161090+00:00,-0.552000046,0.991050065,9.751950264
2024-09-01T22:53:27.539444+00:00,-0.56400001,0.985950053,9.762000084
2024-09-01T22:53:28.557092+00:00,-0.562050045,0.993000031,9.757050514
2024-09-01T22:53:29.557292+00:00,-0.559050024,0.996000051,9.74505043
2024-09-01T22:53:30.558622+00:00,-0.56400001,0.976050019,9.762000084
2024-09-01T22:53:31.628113+00:00,-0.567000031,0.985950053,9.754050255
2024-09-01T22:53:32.581735+00:00,-0.562050045,0.993000031,9.747000694
2024-09-01T22:53:33.610678+00:00,-0.555000007,0.993000031,9.762000084
2024-09-01T22:53:34.617806+00:00,-0.567000031,0.996000051,9.757050514
2024-09-01T22:53:35.597260+00:00,-0.556950033,0.996000051,9.766050339
2024-09-01T22:53:36.617268+00:00,-0.576000035,0.985950053,9.763950348
2024-09-01T22:53:37.645436+00:00,-0.571050048,0.996000051,9.759000778
2024-09-01T22:53:38.650956+00:00,-0.559050024,0.996000051,9.757050514
2024-09-01T22:53:39.704181+00:00,-0.562050045,1.003050089,9.759000778
2024-09-01T22:53:40.654616+00:00,-0.556950033,0.996000051,9.754050255
2024-09-01T22:53:41.670009+00:00,-0.56400001,0.997950077,9.762000084
2024-09-01T22:53:42.668056+00:00,-0.555000007,0.993000031,9.763950348
2024-09-01T22:53:43.674087+00:00,-0.552000046,0.996000051,9.759000778
2024-09-01T22:53:44.791705+00:00,-0.568949997,0.997950077,9.751950264
2024-09-01T22:53:45.716843+00:00,-0.567000031,0.991050065,9.754050255
2024-09-01T22:53:46.707630+00:00,-0.811050057,1.018950105,9.390000343
2024-09-01T22:53:47.776644+00:00,-0.555000007,0.996000051,9.757050514
2024-09-01T22:53:48.726593+00:00,-0.568949997,0.997950077,9.759000778
2024-09-01T22:53:49.730024+00:00,-0.567000031,0.996000051,9.759000778
2024-09-01T22:53:50.713897+00:00,-0.574050009,0.997950077,9.762000084
2024-09-01T22:53:51.729550+00:00,-0.56400001,1.000050068,9.751950264
2024-09-01T22:53:52.755089+00:00,-0.543000042,1.000050068,9.762000084
2024-09-01T22:53:53.762029+00:00,-0.595050037,0.960000038,9.75
2024-09-01T22:53:54.773913+00:00,-0.556950033,0.996000051,9.766050339
2024-09-01T22:53:55.856034+00:00,-0.555000007,0.996000051,9.757050514
2024-09-01T22:53:56.803947+00:00,-0.568949997,0.993000031,9.762000084
2024-09-01T22:53:57.820066+00:00,-0.56400001,0.988050044,9.754050255
2024-09-01T22:53:58.833019+00:00,-0.562050045,1.000050068,9.763950348
2024-09-01T22:53:59.831133+00:00,-0.568949997,1.003050089,9.763950348
2024-09-01T22:54:00.820018+00:00,-0.562050045,0.988050044,9.75
2024-09-01T22:54:01.851120+00:00,-0.562050045,0.993000031,9.759000778
2024-09-01T22:54:02.979219+00:00,-0.540000021,1.012050033,9.754050255
2024-09-01T22:54:03.931852+00:00,-0.588,1.015050054,9.759000778
2024-09-01T22:54:04.887888+00:00,-0.559050024,0.991050065,9.759000778
2024-09-01T22:54:05.878676+00:00,-0.562050045,0.996000051,9.759000778
2024-09-01T22:54:06.876712+00:00,-0.562050045,0.996000051,9.754050255
2024-09-01T22:54:07.906653+00:00,-0.451950014,1.000050068,9.835950851
2024-09-01T22:54:08.887566+00:00,-0.535050035,0.993000031,9.757050514
2024-09-01T22:54:09.897248+00:00,-0.552000046,0.993000031,9.754050255
2024-09-01T22:54:10.914277+00:00,-0.55005002,0.991050065,9.757050514
2024-09-01T22:54:12.005943+00:00,-0.552000046,0.997950077,9.751950264
2024-09-01T22:54:12.980847+00:00,-0.556950033,0.988050044,9.754050255
2024-09-01T22:54:13.912124+00:00,-0.555000007,1.000050068,9.757050514
2024-09-01T22:54:14.926250+00:00,-0.556950033,0.988050044,9.759000778
2024-09-01T22:54:15.958943+00:00,-0.559050024,0.993000031,9.762000084
2024-09-01T22:54:16.923894+00:00,-0.555000007,0.993000031,9.754050255
2024-09-01T22:54:17.972243+00:00,-0.552000046,0.985950053,9.759000778
2024-09-01T22:54:18.986216+00:00,-0.559050024,1.000050068,9.763950348
2024-09-01T22:54:20.083838+00:00,-0.567000031,0.981000066,9.771000862
2024-09-01T22:54:21.033561+00:00,-0.568949997,0.993000031,9.762000084
2024-09-01T22:54:21.983997+00:00,-0.583050013,0.991050065,9.74505043
2024-09-01T22:54:23.056782+00:00,-0.568949997,0.976050019,9.757050514
2024-09-01T22:54:24.018826+00:00,-0.56400001,0.997950077,9.754050255
2024-09-01T22:54:25.011534+00:00,-0.576000035,0.972000062,9.820950508
2024-09-01T22:54:26.034413+00:00,-0.559050024,0.985950053,9.757050514
2024-09-01T22:54:27.018940+00:00,-0.579000056,0.988050044,9.790050507
2024-09-01T22:54:28.036214+00:00,-0.612000048,0.961950064,9.843000412
2024-09-01T22:54:29.108385+00:00,-0.559050024,0.988050044,9.763950348
2024-09-01T22:54:30.055779+00:00,-0.555000007,0.997950077,9.747000694
2024-09-01T22:54:31.057910+00:00,-0.495000035,0.973950028,9.786000252
2024-09-01T22:54:32.039230+00:00,-0.55005002,0.988050044,9.771000862
2024-09-01T22:54:33.092204+00:00,-0.576000035,0.991050065,9.769050598
2024-09-01T22:54:34.057756+00:00,-0.543000042,0.988050044,9.774000168
2024-09-01T22:54:35.279662+00:00,-0.55005002,1.015050054,9.532050133
2024-09-01T22:54:36.114264+00:00,-0.56400001,0.984000027,9.766050339
2024-09-01T22:54:37.181755+00:00,-0.562050045,0.993000031,9.759000778
2024-09-01T22:54:38.133810+00:00,-0.56400001,0.996000051,9.723000526
2024-09-01T22:54:39.129499+00:00,-0.56400001,0.993000031,9.762000084
2024-09-01T22:54:40.106737+00:00,-0.567000031,0.991050065,9.757050514
2024-09-01T22:54:41.122284+00:00,-0.527999997,0.996000051,9.759000778
2024-09-01T22:54:42.134224+00:00,-0.567000031,0.984000027,9.766050339
2024-09-01T22:54:43.184691+00:00,-0.555000007,1.003050089,9.763950348
2024-09-01T22:54:44.170051+00:00,-0.562050045,1.009950042,9.762000084
2024-09-01T22:54:45.283872+00:00,-0.544950008,0.997950077,9.774000168
2024-09-01T22:54:46.205303+00:00,-0.574050009,0.988050044,9.759000778
2024-09-01T22:54:47.164322+00:00,-0.556950033,0.991050065,9.757050514
2024-09-01T22:54:48.170478+00:00,-0.568949997,0.996000051,9.759000778
2024-09-01T22:54:49.197991+00:00,-0.556950033,0.993000031,9.759000778
2024-09-01T22:54:50.301475+00:00,-0.571050048,0.996000051,9.757050514
2024-09-01T22:54:51.186348+00:00,-0.583050013,0.996000051,9.747000694
2024-09-01T22:54:52.215615+00:00,-0.544950008,1.000050068,9.75
2024-09-01T22:54:53.216506+00:00,-0.588,1.05795002,9.811950684
2024-09-01T22:54:54.308912+00:00,-0.567000031,1.009950042,9.751950264
2024-09-01T22:54:55.236504+00:00,-0.586050034,0.993000031,9.751950264
2024-09-01T22:54:56.258351+00:00,-0.568949997,0.993000031,9.726000786
2024-09-01T22:54:57.299896+00:00,-0.56400001,0.993000031,9.759000778
2024-09-01T22:54:58.285393+00:00,-0.576000035,0.997950077,9.754050255
2024-09-01T22:54:59.286474+00:00,-0.562050045,1.000050068,9.75
2024-09-01T22:55:00.275677+00:00,-0.552000046,0.993000031,9.762000084
2024-09-01T22:55:01.283750+00:00,-0.574050009,0.988050044,9.747000694
2024-09-01T22:55:02.380214+00:00,-0.562050045,0.997950077,9.747000694
2024-09-01T22:55:03.305899+00:00,-0.56400001,1.000050068,9.763950348
2024-09-01T22:55:04.339875+00:00,-0.574050009,0.988050044,9.747000694
2024-09-01T22:55:05.308786+00:00,-0.567000031,0.996000051,9.751950264
2024-09-01T22:55:06.333971+00:00,-0.567000031,1.000050068,9.754050255
2024-09-01T22:55:07.339147+00:00,-0.567000031,0.997950077,9.757050514
2024-09-01T22:55:08.353559+00:00,-0.555000007,1.000050068,9.759000778
2024-09-01T22:55:09.333341+00:00,-0.571050048,0.997950077,9.751950264
2024-09-01T22:55:10.437114+00:00,-0.571050048,1.000050068,9.74505043
2024-09-01T22:55:11.378041+00:00,-0.576000035,0.991050065,9.759000778
2024-09-01T22:55:12.364560+00:00,-0.567000031,0.997950077,9.754050255
2024-09-01T22:55:13.396065+00:00,-0.574050009,0.993000031,9.762000084
2024-09-01T22:55:14.410482+00:00,-0.56400001,0.993000031,9.75
2024-09-01T22:55:15.414850+00:00,-0.568949997,1.004999995,9.762000084
2024-09-01T22:55:16.404103+00:00,-0.56400001,0.996000051,9.763950348
2024-09-01T22:55:17.431973+00:00,-0.567000031,0.988050044,9.75
2024-09-01T22:55:18.506713+00:00,-0.562050045,1.000050068,9.747000694
2024-09-01T22:55:19.461388+00:00,-0.568949997,0.984000027,9.757050514
2024-09-01T22:55:20.450856+00:00,-0.568949997,0.991050065,9.759000778
2024-09-01T22:55:21.530777+00:00,-0.559050024,0.985950053,9.762000084
2024-09-01T22:55:22.480785+00:00,-0.568949997,1.000050068,9.759000778
2024-09-01T22:55:23.509875+00:00,-0.574050009,1.000050068,9.757050514
2024-09-01T22:55:24.478710+00:00,-0.56400001,1.000050068,9.759000778
2024-09-01T22:55:25.488961+00:00,-0.568949997,0.988050044,9.757050514
2024-09-01T22:55:26.465649+00:00,-0.579000056,0.996000051,9.75
2024-09-01T22:55:27.564467+00:00,-0.556950033,1.000050068,9.762000084
2024-09-01T22:55:28.483094+00:00,-0.567000031,0.985950053,9.757050514
2024-09-01T22:55:29.512542+00:00,-0.559050024,0.997950077,9.754050255
2024-09-01T22:55:30.499216+00:00,-0.559050024,0.997950077,9.757050514
2024-09-01T22:55:31.506493+00:00,-0.538049996,0.97905004,9.774000168
2024-09-01T22:55:32.533062+00:00,-0.540000021,1.024049997,9.73500061
2024-09-01T22:55:33.519650+00:00,-0.600000024,0.964050055,9.730050087
2024-09-01T22:55:34.546138+00:00,-0.571050048,1.000050068,9.757050514
2024-09-01T22:55:35.605331+00:00,-0.562050045,0.981000066,9.762000084
2024-09-01T22:55:36.577013+00:00,-0.562050045,0.997950077,9.754050255
2024-09-01T22:55:37.573276+00:00,-0.555000007,0.996000051,9.763950348
2024-09-01T22:55:38.585224+00:00,-0.576000035,0.991050065,9.759000778
2024-09-01T22:55:39.607921+00:00,-0.56400001,1.003050089,9.751950264
2024-09-01T22:55:40.589286+00:00,-0.559050024,1.008000016,9.762000084
2024-09-01T22:55:41.652664+00:00,-0.576000035,0.997950077,9.751950264
2024-09-01T22:55:42.737074+00:00,-0.568949997,0.997950077,9.754050255
2024-09-01T22:55:43.678433+00:00,-0.580950022,1.003050089,9.747000694
2024-09-01T22:55:44.629699+00:00,-0.580950022,0.988050044,9.74505043
2024-09-01T22:55:45.610575+00:00,-0.556950033,0.993000031,9.769050598
2024-09-01T22:55:46.628217+00:00,-0.556950033,0.991050065,9.763950348
2024-09-01T22:55:47.656833+00:00,-0.556950033,0.988050044,9.759000778
2024-09-01T22:55:48.670641+00:00,-0.56400001,0.993000031,9.774000168
2024-09-01T22:55:49.673673+00:00,-0.580950022,0.996000051,9.75
2024-09-01T22:55:50.672344+00:00,-0.574050009,0.993000031,9.762000084
2024-09-01T22:55:51.657786+00:00,-0.571050048,1.003050089,9.751950264
2024-09-01T22:55:52.706934+00:00,-0.571050048,0.991050065,9.757050514
2024-09-01T22:55:53.701835+00:00,-0.567000031,0.997950077,9.763950348
2024-09-01T22:55:54.730280+00:00,-0.568949997,0.997950077,9.754050255
2024-09-01T22:55:55.719857+00:00,-0.562050045,0.996000051,9.759000778
2024-09-01T22:55:56.732142+00:00,-0.567000031,0.997950077,9.763950348
2024-09-01T22:55:57.709365+00:00,-0.579000056,0.993000031,9.754050255
2024-09-01T22:55:58.742420+00:00,-0.576000035,0.97905004,9.762000084
2024-09-01T22:55:59.727283+00:00,-0.568949997,0.981000066,9.781050682
2024-09-01T22:56:00.797043+00:00,-0.559050024,0.991050065,9.747000694
2024-09-01T22:56:01.737094+00:00,-0.568949997,0.997950077,9.762000084
2024-09-01T22:56:02.746547+00:00,-0.552000046,1.000050068,9.757050514
2024-09-01T22:56:03.774280+00:00,-0.56400001,0.984000027,9.751950264
2024-09-01T22:56:04.758366+00:00,-0.562050045,0.997950077,9.74505043
2024-09-01T22:56:05.761904+00:00,-0.568949997,1.004999995,9.751950264
2024-09-01T22:56:06.829928+00:00,-0.579000056,0.997950077,9.747000694
2024-09-01T22:56:07.770967+00:00,-0.574050009,0.996000051,9.769050598
2024-09-01T22:56:08.862390+00:00,-0.56400001,1.008000016,9.751950264
2024-09-01T22:56:09.843539+00:00,-0.571050048,1.000050068,9.757050514
2024-09-01T22:56:10.836800+00:00,-0.543000042,0.985950053,9.754050255
2024-09-01T22:56:11.859886+00:00,-0.526050031,1.027050018,9.75
2024-09-01T22:56:12.851409+00:00,-0.588,0.988050044,9.75
2024-09-01T22:56:13.825319+00:00,-0.555000007,0.981000066,9.74505043
2024-09-01T22:56:14.842459+00:00,-0.583050013,0.997950077,9.751950264
2024-09-01T22:56:15.857476+00:00,-0.56400001,0.996000051,9.75
2024-09-01T22:56:16.926583+00:00,-0.568949997,1.000050068,9.751950264
2024-09-01T22:56:17.902308+00:00,-0.562050045,0.997950077,9.759000778
2024-09-01T22:56:18.906849+00:00,-0.568949997,0.991050065,9.747000694
2024-09-01T22:56:19.944496+00:00,-0.574050009,1.003050089,9.75
2024-09-01T22:56:20.903654+00:00,-0.556950033,0.997950077,9.771000862
2024-09-01T22:56:21.894775+00:00,-0.580950022,0.991050065,9.73995018
2024-09-01T22:56:22.919967+00:00,-0.568949997,0.993000031,9.759000778
2024-09-01T22:56:23.932539+00:00,-0.568949997,1.003050089,9.763950348
2024-09-01T22:56:25.005326+00:00,-0.55005002,0.991050065,9.771000862
2024-09-01T22:56:25.957536+00:00,-0.562050045,1.003050089,9.774000168
2024-09-01T22:56:26.959553+00:00,-0.571050048,1.000050068,9.763950348
2024-09-01T22:56:27.937125+00:00,-0.559050024,0.991050065,9.771000862
2024-09-01T22:56:28.944688+00:00,-0.571050048,1.003050089,9.762000084
2024-09-01T22:56:29.980661+00:00,-0.567000031,1.003050089,9.747000694
2024-09-01T22:56:30.987423+00:00,-0.571050048,0.997950077,9.759000778
2024-09-01T22:56:31.994249+00:00,-0.559050024,0.991050065,9.763950348
2024-09-01T22:56:33.078379+00:00,-0.562050045,0.996000051,9.759000778
2024-09-01T22:56:34.031040+00:00,-0.567000031,0.996000051,9.759000778
2024-09-01T22:56:34.999195+00:00,-0.559050024,1.000050068,9.757050514
2024-09-01T22:56:36.026665+00:00,-0.574050009,1.000050068,9.763950348
2024-09-01T22:56:37.021257+00:00,-0.567000031,0.991050065,9.751950264
2024-09-01T22:56:38.022272+00:00,-0.598050058,0.997950077,9.73500061
2024-09-01T22:56:39.058945+00:00,-0.547049999,0.997950077,9.774000168
2024-09-01T22:56:40.068121+00:00,-0.571050048,0.997950077,9.757050514
2024-09-01T22:56:41.047993+00:00,-0.574050009,0.973950028,9.733050346
2024-09-01T22:56:42.043199+00:00,-0.313050002,0.91200006,10.19505024
2024-09-01T22:56:43.075952+00:00,-0.649950027,1.000050068,9.811950684
2024-09-01T22:56:44.082299+00:00,-0.526050031,0.972000062,9.74505043
2024-09-01T22:56:45.067277+00:00,-0.603000045,1.015050054,9.751950264
2024-09-01T22:56:46.115297+00:00,-0.559050024,1.003050089,9.757050514
2024-09-01T22:56:47.086974+00:00,-0.588,0.996000051,9.763950348
2024-09-01T22:56:48.111330+00:00,-0.556950033,1.000050068,9.757050514
2024-09-01T22:56:49.097032+00:00,-0.56400001,1.000050068,9.762000084
2024-09-01T22:56:50.124946+00:00,-0.559050024,1.015050054,9.759000778
2024-09-01T22:56:51.161764+00:00,-0.567000031,0.991050065,9.73995018
2024-09-01T22:56:52.144262+00:00,-0.622050047,0.972000062,9.747000694
2024-09-01T22:56:53.133584+00:00,-0.579000056,0.972000062,9.762000084
2024-09-01T22:56:54.195957+00:00,-0.55005002,0.993000031,9.769050598
2024-09-01T22:56:55.180406+00:00,-0.559050024,0.997950077,9.762000084
2024-09-01T22:56:56.189097+00:00,-0.562050045,0.988050044,9.762000084
2024-09-01T22:56:57.190918+00:00,-0.567000031,1.004999995,9.757050514
2024-09-01T22:56:58.207884+00:00,-0.567000031,1.000050068,9.754050255
2024-09-01T22:56:59.257849+00:00,-0.552000046,0.996000051,9.75
2024-09-01T22:57:00.234700+00:00,-0.559050024,1.009950042,9.762000084
2024-09-01T22:57:01.212726+00:00,-0.562050045,0.993000031,9.757050514
2024-09-01T22:57:02.273044+00:00,-0.555000007,1.000050068,9.747000694
2024-09-01T22:57:03.243421+00:00,-0.598050058,0.991050065,9.769050598
2024-09-01T22:57:04.238961+00:00,-0.567000031,1.003050089,9.759000778
2024-09-01T22:57:05.219933+00:00,-0.559050024,0.988050044,9.808950424
2024-09-01T22:57:06.235285+00:00,-0.552000046,1.003050089,9.751950264
2024-09-01T22:57:07.241274+00:00,-0.56400001,0.996000051,9.757050514
2024-09-01T22:57:08.299057+00:00,-0.567000031,0.997950077,9.774000168
2024-09-01T22:57:09.280365+00:00,-0.552000046,1.003050089,9.766050339
2024-09-01T22:57:10.341118+00:00,-0.576000035,0.981000066,9.762000084
2024-09-01T22:57:11.293892+00:00,-0.576000035,1.004999995,9.754050255
2024-09-01T22:57:12.309610+00:00,-0.556950033,0.997950077,9.762000084
2024-09-01T22:57:13.295677+00:00,-0.580950022,0.997950077,9.763950348
2024-09-01T22:57:14.320147+00:00,-0.559050024,0.991050065,9.757050514
2024-09-01T22:57:15.333514+00:00,-0.540000021,0.993000031,9.763950348
2024-09-01T22:57:16.358332+00:00,-0.56400001,0.997950077,9.757050514
2024-09-01T22:57:17.323723+00:00,-0.559050024,0.997950077,9.751950264
2024-09-01T22:57:18.420693+00:00,-0.571050048,1.008000016,9.742050171
2024-09-01T22:57:19.370344+00:00,-0.556950033,1.004999995,9.762000084
2024-09-01T22:57:20.359521+00:00,-0.555000007,0.996000051,9.781050682
2024-09-01T22:57:21.367343+00:00,-0.568949997,1.003050089,9.751950264
2024-09-01T22:57:22.379992+00:00,-0.451950014,1.054949999,9.675000191
2024-09-01T22:57:23.361485+00:00,-0.571050048,1.048050046,9.781050682
2024-09-01T22:57:24.391631+00:00,-0.532950044,0.976050019,9.754050255
2024-09-01T22:57:25.384108+00:00,-0.568949997,1.009950042,9.763950348
2024-09-01T22:57:26.388527+00:00,-0.579000056,0.991050065,9.751950264
2024-09-01T22:57:27.443507+00:00,-0.56400001,0.997950077,9.751950264
2024-09-01T22:57:28.431139+00:00,-0.562050045,0.997950077,9.769050598
2024-09-01T22:57:29.451038+00:00,-0.567000031,0.996000051,9.757050514
2024-09-01T22:57:30.471910+00:00,-0.568949997,1.000050068,9.751950264
2024-09-01T22:57:31.491528+00:00,-0.562050045,0.997950077,9.759000778
2024-09-01T22:57:32.517179+00:00,-0.568949997,1.003050089,9.762000084
2024-09-01T22:57:33.532368+00:00,-0.571050048,0.997950077,9.759000778
2024-09-01T22:57:34.552555+00:00,-0.56400001,1.000050068,9.775950432
2024-09-01T22:57:35.571976+00:00,-0.519000053,0.984000027,9.80700016
2024-09-01T22:57:36.591535+00:00,-0.547049999,1.004999995,9.754050255
2024-09-01T22:57:37.614066+00:00,-0.544950008,0.985950053,9.778050423
2024-09-01T22:57:38.632667+00:00,-0.562050045,1.004999995,9.762000084
2024-09-01T22:57:39.656450+00:00,-0.567000031,0.984000027,9.73800087
2024-09-01T22:57:40.764364+00:00,-0.567000031,1.004999995,9.751950264
2024-09-01T22:57:41.499801+00:00,-0.532950044,1.003050089,9.757050514
2024-09-01T22:57:42.508351+00:00,-0.591000021,0.991050065,9.763950348
2024-09-01T22:57:43.558551+00:00,-0.56400001,0.996000051,9.762000084
2024-09-01T22:57:44.523891+00:00,-0.540000021,1.004999995,9.763950348
2024-09-01T22:57:45.530228+00:00,-0.562050045,0.991050065,9.7999506
2024-09-01T22:57:46.533043+00:00,-0.526050031,1.008000016,9.754050255
2024-09-01T22:57:47.577696+00:00,-0.568949997,1.000050068,9.754050255
2024-09-01T22:57:48.580823+00:00,-0.547049999,1.008000016,9.762000084
2024-09-01T22:57:49.588913+00:00,-0.567000031,0.997950077,9.759000778
2024-09-01T22:57:50.583705+00:00,-0.55005002,0.991050065,9.757050514
2024-09-01T22:57:51.637342+00:00,-0.571050048,0.991050065,9.771000862
2024-09-01T22:57:52.619696+00:00,-0.56400001,0.996000051,9.75
2024-09-01T22:57:53.597137+00:00,-0.574050009,0.993000031,9.751950264
2024-09-01T22:57:54.606011+00:00,-0.547049999,1.009950042,9.757050514
2024-09-01T22:57:55.642140+00:00,-0.568949997,1.003050089,9.771000862
2024-09-01T22:57:56.611104+00:00,-0.568949997,1.027050018,9.711000443
2024-09-01T22:57:57.635909+00:00,-0.568949997,0.984000027,9.759000778
2024-09-01T22:57:58.657996+00:00,-0.679050028,0.993000031,9.721050262
2024-09-01T22:57:59.710666+00:00,-0.540000021,0.988050044,9.762000084
2024-09-01T22:58:00.665017+00:00,-0.576000035,0.996000051,9.754050255
2024-09-01T22:58:01.649330+00:00,-0.567000031,0.997950077,9.742050171
2024-09-01T22:58:02.686735+00:00,-0.56400001,0.993000031,9.757050514
2024-09-01T22:58:03.681679+00:00,-0.574050009,0.984000027,9.747000694
2024-09-01T22:58:04.698480+00:00,-0.574050009,0.985950053,9.751950264
2024-09-01T22:58:05.709769+00:00,-0.568949997,0.993000031,9.759000778
2024-09-01T22:58:06.722285+00:00,-0.568949997,0.996000051,9.766050339
2024-09-01T22:58:07.785496+00:00,-0.576000035,0.996000051,9.759000778
2024-09-01T22:58:08.734089+00:00,-0.568949997,1.000050068,9.762000084
2024-09-01T22:58:09.758050+00:00,-0.56400001,0.993000031,9.759000778
2024-09-01T22:58:10.751719+00:00,-0.568949997,0.993000031,9.757050514
2024-09-01T22:58:11.742623+00:00,-0.567000031,1.000050068,9.751950264
2024-09-01T22:58:12.776348+00:00,-0.559050024,0.993000031,9.763950348
2024-09-01T22:58:13.780581+00:00,-0.559050024,0.993000031,9.747000694
2024-09-01T22:58:14.773189+00:00,-0.598050058,1.004999995,9.75
2024-09-01T22:58:15.860578+00:00,-0.52305001,0.973950028,9.75
2024-09-01T22:58:16.860127+00:00,-0.555000007,1.003050089,9.757050514
2024-09-01T22:58:17.853336+00:00,-0.586050034,0.981000066,9.766050339
2024-09-01T22:58:18.808264+00:00,-0.567000031,0.997950077,9.754050255
2024-09-01T22:58:19.789687+00:00,-0.567000031,0.991050065,9.766050339
2024-09-01T22:58:20.802149+00:00,-0.562050045,0.991050065,9.762000084
2024-09-01T22:58:21.841725+00:00,-0.574050009,0.988050044,9.754050255
2024-09-01T22:58:22.841187+00:00,-0.56400001,0.991050065,9.763950348
2024-09-01T22:58:23.930566+00:00,-0.567000031,0.996000051,9.766050339
2024-09-01T22:58:24.883883+00:00,-0.562050045,0.988050044,9.763950348
2024-09-01T22:58:25.873114+00:00,-0.574050009,0.996000051,9.754050255
2024-09-01T22:58:26.884245+00:00,-0.555000007,0.985950053,9.766050339
2024-09-01T22:58:27.881516+00:00,-0.56400001,0.988050044,9.763950348
2024-09-01T22:58:28.916541+00:00,-0.562050045,0.996000051,9.757050514
2024-09-01T22:58:29.897222+00:00,-0.568949997,0.991050065,9.75
2024-09-01T22:58:30.933011+00:00,-0.562050045,1.009950042,9.762000084
2024-09-01T22:58:31.909572+00:00,-0.579000056,0.997950077,9.778050423
2024-09-01T22:58:32.958721+00:00,-0.576000035,0.993000031,9.759000778
2024-09-01T22:58:33.936350+00:00,-0.579000056,0.97905004,9.774000168
2024-09-01T22:58:34.960864+00:00,-0.568949997,1.000050068,9.757050514
2024-09-01T22:58:35.939175+00:00,-0.571050048,0.996000051,9.771000862
2024-09-01T22:58:36.957216+00:00,-0.559050024,1.004999995,9.757050514
2024-09-01T22:58:37.972675+00:00,-0.568949997,1.000050068,9.759000778
2024-09-01T22:58:38.948366+00:00,-0.56400001,0.997950077,9.762000084
2024-09-01T22:58:39.977707+00:00,-0.56400001,1.000050068,9.751950264
2024-09-01T22:58:41.035043+00:00,-0.580950022,0.997950077,9.68295002
2024-09-01T22:58:41.981944+00:00,-0.576000035,0.97905004,9.762000084
2024-09-01T22:58:42.998659+00:00,-0.562050045,1.036050081,9.778050423
2024-09-01T22:58:44.007087+00:00,-0.591000021,0.97905004,9.751950264
2024-09-01T22:58:45.014464+00:00,-0.567000031,0.991050065,9.757050514
2024-09-01T22:58:46.025188+00:00,-0.583050013,0.993000031,9.754050255
2024-09-01T22:58:47.031155+00:00,-0.571050048,1.000050068,9.759000778
2024-09-01T22:58:48.034464+00:00,-0.583050013,0.996000051,9.742050171
2024-09-01T22:58:49.111638+00:00,-0.595050037,0.991050065,9.75
2024-09-01T22:58:50.059686+00:00,-0.603000045,0.981000066,9.757050514
2024-09-01T22:58:51.069836+00:00,-0.571050048,0.957000017,9.778050423
2024-09-01T22:58:52.081011+00:00,-0.559050024,0.991050065,9.757050514
2024-09-01T22:58:53.094657+00:00,-0.579000056,1.012050033,9.73995018
2024-09-01T22:58:54.094145+00:00,-0.519000053,1.030950069,9.763950348
2024-09-01T22:58:55.438289+00:00,-0.531000018,0.991050065,9.814050674
2024-09-01T22:58:56.125559+00:00,-0.526050031,0.973950028,9.730050087
2024-09-01T22:58:57.123712+00:00,-0.63105005,0.985950053,9.727950096
2024-09-01T22:58:58.198706+00:00,-0.532950044,0.97905004,9.759000778
2024-09-01T22:58:59.122621+00:00,-0.574050009,1.003050089,9.763950348
2024-09-01T22:59:00.226588+00:00,-0.552000046,1.004999995,9.751950264
2024-09-01T22:59:02.213841+00:00,-1.600950122,2.353049994,8.050050735
2024-09-01T22:59:03.231350+00:00,-0.172050014,7.579950333,5.707950115
2024-09-01T22:59:04.263453+00:00,-0.49695003,7.639050484,6.187050343
2024-09-01T22:59:05.239664+00:00,-0.463950008,7.690050602,6.169950485
2024-09-01T22:59:06.253548+00:00,-0.490050018,7.692000389,6.067050457
2024-09-01T22:59:07.270712+00:00,-0.48300001,7.716000557,6.100950241
2024-09-01T22:59:08.374046+00:00,-0.472950011,7.723050594,6.06000042
2024-09-01T22:59:09.281273+00:00,-0.472950011,7.720950603,6.136950493
2024-09-01T22:59:10.278109+00:00,2.695950031,5.983050346,5.665050507
2024-09-01T22:59:11.302409+00:00,-3.058950186,3.172050238,8.667000771
2024-09-01T22:59:12.311042+00:00,-3.745950222,2.101950169,8.875950813
2024-09-01T22:59:13.326221+00:00,-4.12005043,1.678050041,8.789999962
2024-09-01T22:59:14.313190+00:00,-4.198950291,1.588950038,8.761050224
2024-09-01T22:59:15.371654+00:00,-4.242000103,1.52700007,8.706000328
2024-09-01T22:59:16.336564+00:00,-4.311000347,1.230000019,8.725049973
2024-09-01T22:59:17.448621+00:00,-3.562050104,0.808950067,9.253950119
2024-09-01T22:59:18.444497+00:00,-0.028050002,0.531000018,9.831000328
2024-09-01T22:59:19.385604+00:00,-0.033,0.531000018,9.80700016
2024-09-01T22:59:20.420778+00:00,-0.034950003,0.52395004,9.831000328
2024-09-01T22:59:21.369833+00:00,0.067050003,0.41595003,9.80505085
2024-09-01T22:59:22.382983+00:00,0.061950002,0.41595003,9.820950508
2024-09-01T22:59:23.484955+00:00,0.076050006,0.394950032,9.80505085
2024-09-01T22:59:24.406695+00:00,0.067050003,0.403950006,9.802050591
2024-09-01T22:59:25.406317+00:00,0.076050006,0.382950008,9.829050064
2024-09-01T22:59:26.418777+00:00,0.079050004,0.390000015,9.80700016
2024-09-01T22:59:27.418215+00:00,0.093000002,0.390000015,9.814050674
2024-09-01T22:59:28.425788+00:00,0.079050004,0.367950022,9.841050148
2024-09-01T22:59:29.435782+00:00,0.01905,0.459000021,9.80505085
2024-09-01T22:59:30.443740+00:00,0.009000001,0.481050014,9.782999992
2024-09-01T22:59:31.474492+00:00,0.072000004,0.423000008,9.774000168
2024-09-01T22:59:32.502866+00:00,0.048,0.414000034,9.823950768
2024-09-01T22:59:33.471036+00:00,0.057000004,0.421050012,9.814050674
2024-09-01T22:59:34.470866+00:00,0.048,0.423000008,9.814050674
2024-09-01T22:59:35.483807+00:00,0.052950002,0.406950027,9.823950768
2024-09-01T22:59:36.515195+00:00,-0.037050001,0.514050007,9.762000084
2024-09-01T22:59:37.484398+00:00,-0.00405,0.517050028,9.829050064
2024-09-01T22:59:38.648196+00:00,0.01905,0.490050018,9.880950928
2024-09-01T22:59:39.589908+00:00,0.01905,0.495000035,9.7999506
2024-09-01T22:59:40.517233+00:00,0.00705,0.490050018,9.802050591
2024-09-01T22:59:41.588574+00:00,0.00705,0.495000035,9.787950516
2024-09-01T22:59:42.532335+00:00,0.00705,0.48300001,9.786000252
2024-09-01T22:59:43.537093+00:00,-0.022950001,0.598050058,9.622950554
2024-09-01T22:59:44.540012+00:00,0.177000001,0.238950014,9.86700058
2024-09-01T22:59:45.551582+00:00,0.193950012,0.292050004,9.793050766
2024-09-01T22:59:46.561673+00:00,0.172050014,0.265050024,9.859950066
2024-09-01T22:59:47.558718+00:00,0.201000005,0.370950013,9.73800087
2024-09-02T00:00:37.790308+00:00,0.570000052,7.46505022,6.418950081
2024-09-02T00:00:38.775487+00:00,0.021000002,6.238950253,1.393950105
2024-09-02T00:00:39.792803+00:00,-0.427950025,6.442050457,7.458000183
2024-09-02T00:00:40.783337+00:00,-0.376950026,6.411000252,7.432050228
2024-09-02T00:00:41.756142+00:00,-0.22905001,6.430050373,7.542000294
2024-09-02T00:00:42.770142+00:00,0.607950032,5.580000401,6.916950226
2024-09-02T00:00:43.729660+00:00,-0.088050008,0.250950009,9.714000702
2024-09-02T00:00:44.730161+00:00,0.306000024,0.270000011,9.823950768
2024-09-02T00:00:45.697075+00:00,0.262950003,0.250950009,9.790050507
2024-09-02T00:00:46.725936+00:00,0.333000004,0.222000018,9.895950317
2024-09-02T00:00:47.767761+00:00,0.280050009,0.249000013,9.823950768
2024-09-02T00:00:48.717371+00:00,0.289950013,0.241050005,9.814050674
2024-09-02T00:00:49.684254+00:00,0.318000019,0.253049999,9.80700016
2024-09-02T00:00:50.685060+00:00,0.328050017,0.234000012,9.843000412
2024-09-02T00:00:51.660539+00:00,0.280050009,0.258000016,9.7999506
2024-09-02T00:00:52.660827+00:00,0.342000008,0.244050011,9.80700016
2024-09-02T00:00:53.657800+00:00,0.289950013,0.253049999,9.85695076
2024-09-02T00:00:54.667243+00:00,0.330000013,0.234000012,9.859950066
2024-09-02T00:00:55.628038+00:00,0.358950019,0.237000018,9.865050316
2024-09-02T00:00:56.617436+00:00,0.318000019,0.253049999,9.817050934
2024-09-02T00:00:57.644600+00:00,0.309000015,0.241050005,9.826050758
2024-09-02T00:00:58.694277+00:00,0.289950013,0.238950014,9.826050758
2024-09-02T00:00:59.641721+00:00,0.310950011,0.241050005,9.820950508
2024-09-02T00:01:00.594558+00:00,0.304050028,0.253049999,9.832950592
2024-09-02T00:01:01.604417+00:00,0.328050017,0.246000007,9.826050758
2024-09-02T00:01:02.580701+00:00,0.313050002,0.258000016,9.808950424
2024-09-02T00:01:03.590701+00:00,0.325050026,0.261000007,9.843000412
2024-09-02T00:01:04.581371+00:00,0.313050002,0.249000013,9.819000244
2024-09-02T00:01:05.560064+00:00,0.306000024,0.25605002,9.832950592
2024-09-02T00:01:06.591917+00:00,0.316050023,0.241050005,9.819000244
2024-09-02T00:01:07.559707+00:00,0.340050012,0.250950009,9.838050842
2024-09-02T00:01:08.672171+00:00,0.310950011,0.241050005,9.907950401
2024-09-02T00:01:09.513295+00:00,0.313050002,0.238950014,9.766050339
2024-09-02T00:01:10.569722+00:00,0.313050002,0.25605002,9.790050507
2024-09-02T00:01:11.521082+00:00,0.298950016,0.241050005,9.820950508
2024-09-02T00:01:12.520287+00:00,0.298950016,0.250950009,9.811950684
2024-09-02T00:01:13.524692+00:00,0.333000004,0.244050011,9.819000244
2024-09-02T00:01:14.511761+00:00,0.316050023,0.258000016,9.811950684
2024-09-02T00:01:15.509946+00:00,0.328050017,0.22905001,9.85695076
2024-09-02T00:01:16.502498+00:00,0.294,0.268050015,9.80505085
2024-09-02T00:01:17.479535+00:00,0.309000015,0.261000007,9.808950424
2024-09-02T00:01:18.504692+00:00,0.342000008,0.261000007,9.819000244
2024-09-02T00:01:19.477148+00:00,0.304050028,0.261000007,9.823950768
2024-09-02T00:01:53.634344+00:00,-0.527999997,2.703000069,6.20895052
2024-09-02T00:01:54.567480+00:00,-0.636000037,2.794050217,6.573000431
2024-09-02T00:01:55.619501+00:00,-3.787050247,3.550050259,10.53000069
2024-09-02T00:11:36.020868+00:00,-0.555000007,6.658050537,7.248000145
2024-09-02T00:11:37.020327+00:00,-0.682050049,6.466050148,7.492050171
2024-09-02T00:11:38.055134+00:00,-0.732000053,6.511950493,7.351050377
2024-09-02T00:11:39.050762+00:00,-1.711050034,6.873000145,7.129950523
2024-09-02T00:11:40.073818+00:00,-0.946950018,6.354000092,7.425000191
2024-09-02T00:11:41.033831+00:00,-0.840000033,6.133050442,7.59705019
2024-09-02T00:11:42.056329+00:00,-0.981000066,6.193050385,7.533000469
2024-09-02T00:11:43.144083+00:00,-0.942000031,6.169050217,7.681050301
2024-09-02T00:11:44.105977+00:00,-1.122000098,6.162000179,7.267050266
2024-09-02T00:11:45.290369+00:00,-1.267950058,5.929950237,7.894050598
2024-09-02T00:11:46.102719+00:00,-0.994950056,6.138000488,7.654950142
2024-09-02T00:11:47.128643+00:00,-1.46205008,5.887050152,8.236050606
2024-09-02T00:11:48.176503+00:00,-1.021050096,5.998950481,7.738050461
2024-09-02T00:11:49.176133+00:00,-1.021050096,5.998950481,7.738050461
2024-09-02T00:11:50.162381+00:00,-0.969000041,5.997000217,7.852950573
2024-09-02T00:11:51.223618+00:00,-1.203000069,5.836950302,7.722000599
2024-09-02T00:11:52.208551+00:00,-1.234950066,5.710050106,8.07404995
2024-09-02T00:11:53.333347+00:00,-1.234950066,5.710050106,8.07404995
2024-09-02T00:11:54.299754+00:00,-1.267950058,5.614050388,8.06400013
2024-09-02T00:11:55.215152+00:00,-1.282050014,5.616000175,8.038050652
2024-09-02T00:11:56.247132+00:00,-1.347000122,5.578050137,8.014050484
2024-09-02T00:11:57.224969+00:00,-1.306050062,5.568000317,8.07404995
2024-09-02T00:11:58.341698+00:00,-1.31400001,5.536950111,8.026050568
2024-09-02T00:11:59.293213+00:00,-1.282050014,5.554050446,7.978050232
2024-09-02T00:12:00.240299+00:00,-1.195950031,5.580000401,7.908000469
2024-09-02T00:12:01.250525+00:00,-1.290000081,5.536950111,8.062050819
2024-09-02T00:12:02.265728+00:00,-1.326000094,5.545050144,8.016000748
2024-09-02T00:12:03.290714+00:00,-1.326000094,5.545050144,8.016000748
2024-09-02T00:12:04.301838+00:00,-1.270050049,5.563950062,8.028000832
2024-09-02T00:12:05.334428+00:00,-1.372950077,5.556000233,8.035050392
2024-09-02T00:12:06.319507+00:00,-1.372950077,5.556000233,8.035050392
2024-09-02T00:12:07.368421+00:00,-1.275000095,5.547000408,8.052000046
2024-09-02T00:12:08.342720+00:00,-1.357050061,5.50605011,8.124000549
2024-09-02T00:12:09.338921+00:00,-1.347000122,5.470050335,8.119050026
2024-09-02T00:12:10.322332+00:00,-0.607050002,0.684000015,9.826050758
2024-09-02T00:12:11.357608+00:00,-0.697950006,0.664950013,9.790050507
2024-09-02T00:12:12.386536+00:00,-0.693000019,0.676950037,9.781050682
2024-09-02T00:12:13.373278+00:00,-0.703050017,0.675000012,9.79695034
2024-09-02T00:12:14.385805+00:00,-0.700950027,0.675000012,9.793050766
2024-09-02T00:12:15.442984+00:00,-0.69600004,0.672000051,9.790050507
2024-09-02T00:12:16.398849+00:00,-0.69600004,0.676950037,9.786000252
2024-09-02T00:12:17.370060+00:00,-0.693000019,0.679050028,9.778050423
2024-09-02T00:12:18.377957+00:00,-0.697950006,0.675000012,9.795000076
2024-09-02T00:12:19.461723+00:00,-0.700950027,0.682050049,9.774000168
2024-09-02T00:12:20.398722+00:00,-0.69600004,0.687000036,9.759000778
2024-09-02T00:12:21.401121+00:00,-0.703050017,0.679050028,9.775950432
2024-09-02T00:12:22.415092+00:00,-0.700950027,0.679050028,9.778050423
2024-09-02T00:12:23.514734+00:00,-0.69600004,0.684000015,9.775950432
2024-09-02T00:12:24.478392+00:00,-0.705000043,0.675000012,9.781050682
2024-09-02T00:12:25.444008+00:00,-0.697950006,0.682050049,9.766050339
2024-09-02T00:12:26.463796+00:00,-0.703050017,0.675000012,9.782999992
2024-09-02T00:12:27.452191+00:00,-0.682050049,0.684000015,9.790050507
2024-09-02T00:12:28.480648+00:00,-0.703050017,0.682050049,9.790050507
2024-09-02T00:12:29.487693+00:00,-0.70995003,0.679050028,9.766050339
2024-09-02T00:12:30.501152+00:00,-0.682050049,0.688950062,9.790050507
2024-09-02T00:12:31.591820+00:00,-0.682050049,0.682050049,9.79695034
2024-09-02T00:12:32.547423+00:00,-0.70995003,0.687000036,9.790050507
2024-09-02T00:12:33.521888+00:00,-0.684000015,0.65595001,9.787950516
2024-09-02T00:12:34.522195+00:00,-0.693000019,0.684000015,9.778050423
2024-09-02T00:12:35.536755+00:00,-0.69600004,0.664950013,9.771000862
2024-09-02T00:12:36.517299+00:00,-0.712950051,0.675000012,9.778050423
2024-09-02T00:12:37.556306+00:00,-0.688950062,0.676950037,9.790050507
2024-09-02T00:12:38.568575+00:00,-0.700950027,0.676950037,9.793050766
2024-09-02T00:12:39.541020+00:00,-0.685950041,0.69600004,9.781050682
2024-09-02T00:12:40.616884+00:00,-0.703050017,0.679050028,9.766050339
2024-09-02T00:12:41.567524+00:00,-0.703050017,0.679050028,9.766050339
2024-09-02T00:12:42.593807+00:00,-0.685950041,0.676950037,9.775950432
2024-09-02T00:12:43.630421+00:00,-0.693000019,0.691050053,9.786000252
2024-09-02T00:12:44.587578+00:00,-0.700950027,0.676950037,9.781050682
2024-09-02T00:15:50.714024+00:00,0.949950039,5.002950191,8.526000023
2024-09-02T00:15:51.779229+00:00,0.558000028,5.098950386,8.550000191
2024-09-02T00:15:52.914821+00:00,0.558000028,5.025000095,8.512050629
2024-09-02T00:15:53.889512+00:00,0.400050014,5.154000282,8.386950493
2024-09-02T00:15:54.894834+00:00,-0.634050012,4.780950069,8.73195076
2024-09-02T00:15:55.887008+00:00,-1.455000043,4.804950237,8.332050323
2024-09-02T00:15:56.890035+00:00,-2.416950226,4.861950397,8.281949997
2024-09-02T00:15:57.913405+00:00,-2.491950035,4.776000023,8.229000092
2024-09-02T00:15:58.908583+00:00,-1.201050043,5.518050194,7.942050457
2024-09-02T00:15:59.909955+00:00,-1.915050149,5.097000122,8.176950455
2024-09-02T00:16:00.990745+00:00,-4.347000122,2.821950197,8.956950188
2024-09-02T00:16:01.963669+00:00,0.298950016,0.847050011,9.477000237
2024-09-02T00:16:02.960202+00:00,0.00495,0.775050044,9.826050758
2024-09-02T00:16:03.969616+00:00,-0.00405,0.793950021,9.80505085
2024-09-02T00:16:04.983868+00:00,-0.00195,0.778050065,9.811950684
2024-09-02T00:16:05.980464+00:00,-0.013950001,0.775050044,9.7999506
2024-09-02T00:16:06.999331+00:00,0.00705,0.76305002,9.811950684
2024-09-02T00:16:08.010373+00:00,-0.00405,0.796950042,9.92895031
2024-09-02T00:16:09.060468+00:00,-0.018000001,0.792000055,9.835950851
2024-09-02T00:16:10.012832+00:00,0.013950001,0.79005003,9.835950851
2024-09-02T00:16:11.024699+00:00,-0.013950001,0.775050044,9.80700016
2024-09-02T00:16:12.018200+00:00,-0.009000001,0.781950057,9.782999992
2024-09-02T00:16:13.014809+00:00,0.012,0.79005003,9.808950424
2024-09-02T00:16:14.039904+00:00,-0.00195,0.787050009,9.787950516
2024-09-02T00:16:15.238558+00:00,0.00705,0.768000007,9.793050766
2024-09-02T00:16:16.088577+00:00,-0.010950001,0.792000055,9.79695034
2024-09-02T00:16:17.135614+00:00,0.009000001,0.769950032,9.795000076
2024-09-02T00:16:18.086097+00:00,-0.010950001,0.778050065,9.826050758
2024-09-02T00:16:19.092833+00:00,-0.037050001,0.792000055,9.916950226
2024-09-02T00:16:20.066587+00:00,0.049950004,0.775050044,9.838050842
2024-09-02T00:16:21.099036+00:00,-0.018000001,0.781950057,9.829050064
2024-09-02T00:16:22.078397+00:00,-0.025950002,0.778050065,9.757050514
2024-09-02T00:16:23.089270+00:00,0.00195,0.769950032,9.829050064
2024-09-02T00:16:24.092244+00:00,-0.016050002,0.778050065,9.793050766
2024-09-02T00:16:25.105290+00:00,0.009000001,0.808950067,9.766050339
2024-09-02T00:16:26.169767+00:00,-0.028050002,0.784950018,9.862050056
2024-09-02T00:16:27.114190+00:00,0.097950004,0.841950059,9.847950935
2024-09-02T00:16:28.129453+00:00,0.00705,0.784950018,9.7999506
2024-09-02T00:16:29.131070+00:00,-0.009000001,0.792000055,9.80700016
2024-09-02T00:16:30.137731+00:00,0,0.787050009,9.7999506
2024-09-02T00:16:31.150218+00:00,-0.00405,0.79005003,9.795000076
2024-09-02T00:16:32.180086+00:00,0.00195,0.784950018,9.80700016
2024-09-02T00:16:33.171740+00:00,-0.00405,0.79005003,9.7999506
2024-09-02T00:16:34.240089+00:00,0,0.793950021,9.808950424
2024-09-02T00:16:35.189485+00:00,0.00195,0.793950021,9.79695034
2024-09-02T00:16:36.216262+00:00,0.00495,0.787050009,9.790050507
2024-09-02T00:16:37.198097+00:00,0.00195,0.79005003,9.7999506
2024-09-02T00:16:38.225931+00:00,0.00705,0.79005003,9.802050591
2024-09-02T00:16:39.229627+00:00,-0.00195,0.784950018,9.787950516
2024-09-02T00:16:40.247034+00:00,-0.00195,0.784950018,9.7999506
2024-09-02T00:16:41.225060+00:00,0,0.784950018,9.795000076
2024-09-02T00:20:28.886114+00:00,-0.784050047,4.857000351,8.383049965
2024-09-02T00:20:29.844447+00:00,-0.801000059,4.987050056,8.338950157
2024-09-02T00:20:30.814471+00:00,-0.981000066,5.011050224,8.470950127
2024-09-02T00:20:31.851174+00:00,-0.919050038,4.960050106,8.409000397
2024-09-02T00:20:32.830731+00:00,-1.054949999,4.97205019,8.469000816
2024-09-02T00:20:33.886945+00:00,-0.982950032,4.933950424,8.485050201
2024-09-02T00:20:34.845321+00:00,-1.017000079,4.978950024,8.480999947
2024-09-02T00:20:36.013449+00:00,-0.978000045,4.927050114,8.433000565
2024-09-02T00:20:36.960542+00:00,-0.988050044,5.002950191,8.304000854
2024-09-02T00:20:37.913242+00:00,-1.081050038,5.017950058,8.373000145
2024-09-02T00:20:38.882276+00:00,-1.045050025,5.047050476,8.413949966
2024-09-02T00:20:39.890681+00:00,-1.105050087,5.037000179,8.416049957
2024-09-02T00:20:40.898557+00:00,-1.123950005,5.014950275,8.416049957
2024-09-02T00:20:41.906350+00:00,-1.158000112,5.020050049,8.311050415
2024-09-02T00:20:42.909669+00:00,-1.09800005,4.936050415,8.430000305
2024-09-02T00:20:43.911809+00:00,-1.138950109,4.977000237,8.404050827
2024-09-02T00:20:44.938357+00:00,-1.168050051,4.944000244,8.502000809
2024-09-02T00:20:45.992125+00:00,-0.337050021,4.615950108,8.560050011
2024-09-02T00:20:46.940376+00:00,-1.170000076,5.011050224,8.377950668
2024-09-02T00:20:47.956544+00:00,-1.242000103,5.008050442,8.314949989
2024-09-02T00:20:48.989918+00:00,-1.207950115,4.993950367,8.325000763
2024-09-02T00:20:49.990799+00:00,-1.345050097,5.056050301,8.233950615
2024-09-02T00:20:50.988447+00:00,-1.27305007,5.037000179,8.350950241
2024-09-02T00:20:52.012507+00:00,-1.347000122,5.047050476,8.449950218
2024-09-02T00:20:53.006322+00:00,-1.384950042,5.025000095,8.268000603
2024-09-02T00:20:54.064759+00:00,-1.342050076,5.029950142,8.389950752
2024-09-02T00:20:55.020477+00:00,-1.31400001,4.993950367,8.458950043
2024-09-02T00:20:56.044887+00:00,-1.390050054,5.013000011,8.406000137
2024-09-02T00:20:57.066115+00:00,-1.321050048,4.987050056,8.308050156
2024-09-02T00:20:58.062203+00:00,-1.420950055,5.020050049,8.359050751
2024-09-02T00:20:59.047755+00:00,-1.420950055,5.026950359,8.325000763
2024-09-02T00:21:00.053335+00:00,-1.528950095,4.993950367,8.32005024
2024-09-02T00:21:01.090114+00:00,-1.476000071,4.981950283,8.380050659
2024-09-02T00:21:02.163760+00:00,-1.522050023,4.984050274,8.362950325
2024-09-02T00:21:03.084878+00:00,-1.54095006,4.993950367,8.329950333
2024-09-02T00:21:04.089067+00:00,-1.456950068,4.984050274,8.371050835
2024-09-02T00:21:05.100884+00:00,-1.894950032,4.936050415,8.314949989
2024-09-02T00:21:06.165214+00:00,-2.185050011,4.812000275,8.338950157
2024-09-02T00:21:07.109488+00:00,-2.034000158,4.723050117,8.401950836
2024-09-02T00:21:08.105490+00:00,-2.39805007,4.467000008,8.54295063
2024-09-02T00:21:09.117227+00:00,-2.96295023,3.696000099,8.055000305
2024-09-02T00:21:10.112592+00:00,-4.267950058,0.880950034,9.192000389
2024-09-02T00:21:11.168697+00:00,-3.904050112,-0.13395001,8.836950302
2024-09-02T00:21:12.141058+00:00,-0.801000059,0.17400001,7.375050545
2024-09-02T00:21:13.147730+00:00,1.149000049,0.043050002,10.74600029
2024-09-02T00:21:14.150846+00:00,0.913950026,0.232050017,9.790050507
2024-09-02T00:21:15.188650+00:00,0.892950058,0.244050011,9.793050766
2024-09-02T00:21:16.196228+00:00,0.889950037,0.246000007,9.782999992
2024-09-02T00:21:17.176886+00:00,0.89805007,0.238950014,9.79695034
2024-09-02T00:21:18.186293+00:00,0.880950034,0.250950009,9.79695034
2024-09-02T00:21:19.239868+00:00,0.895050049,0.237000018,9.790050507
2024-09-02T00:21:20.232551+00:00,0.876000047,0.249000013,9.790050507
2024-09-02T00:21:21.280369+00:00,0.886050045,0.244050011,9.795000076
2024-09-02T00:21:22.218577+00:00,0.89805007,0.241050005,9.802050591
2024-09-02T00:21:23.253301+00:00,0.895050049,0.246000007,9.786000252
2024-09-02T00:22:38.656911+00:00,0.117000006,7.138950348,7.024950504
2024-09-02T00:22:39.740171+00:00,0.412050009,7.038000107,6.606000423
2024-09-02T00:22:40.691620+00:00,1.578000069,4.534049988,8.689050674
2024-09-02T00:22:41.678386+00:00,0.547950029,4.764000416,8.526000023
2024-09-02T00:22:42.695870+00:00,0.627000034,4.696950436,8.641050339
2024-09-02T00:22:43.686933+00:00,0.354000002,4.684950352,8.67195034
2024-09-02T00:22:44.770204+00:00,0.14805001,4.684950352,8.686950684
2024-09-02T00:22:46.066024+00:00,0.273000002,4.549050331,8.758049965
2024-09-02T00:22:47.084852+00:00,-0.088050008,4.636950016,8.818050385
2024-09-02T00:22:48.104986+00:00,-0.061050002,4.647000313,8.727000237
2024-09-02T00:22:49.126990+00:00,-0.160050005,4.647000313,8.701050758
2024-09-02T00:22:50.154886+00:00,-0.195000008,4.623000145,8.713050842
2024-09-02T00:22:51.166667+00:00,-2.282999992,3.322950125,9.204000473
2024-09-02T00:22:51.764084+00:00,4.125,0.84495002,8.32005024
2024-09-02T00:22:52.757584+00:00,0.699000061,4.876950264,9.880950928
2024-09-02T00:22:53.765003+00:00,-0.243000016,8.278950691,5.181000233
2024-09-02T00:22:54.787278+00:00,0.739950061,5.992050171,6.751950264
2024-09-02T00:22:55.785874+00:00,0.799050033,0.451950014,9.759000778
2024-09-02T00:22:56.791716+00:00,0.819000065,0.435000032,9.79695034
2024-09-02T00:22:57.806903+00:00,0.823050022,0.426000029,9.787950516
2024-09-02T00:22:58.836543+00:00,0.828000069,0.421050012,9.79695034
2024-09-02T00:22:59.820663+00:00,0.835050046,0.41595003,9.795000076
2024-09-02T00:23:00.879643+00:00,0.826050043,0.41595003,9.787950516
2024-09-02T00:23:01.847567+00:00,0.838050067,0.418950021,9.774000168
2024-09-02T00:23:02.942682+00:00,0.823050022,0.409050018,9.778050423
2024-09-02T00:23:03.884559+00:00,0.840000033,0.423000008,9.79695034
2024-09-02T00:23:04.879046+00:00,0.820950031,0.411000013,9.781050682
2024-09-02T00:23:05.915501+00:00,0.840000033,0.41595003,9.7999506
2024-09-02T00:23:06.899348+00:00,0.832950056,0.421050012,9.80505085
2024-09-02T00:23:07.907505+00:00,0.83100003,0.426000029,9.786000252
2024-09-02T00:23:08.890149+00:00,0.835050046,0.406950027,9.793050766
2024-09-02T00:23:09.894928+00:00,0.855000019,0.409050018,9.819000244
2024-09-02T00:23:10.906433+00:00,0.828000069,0.418950021,9.790050507
2024-09-02T00:23:11.962072+00:00,0.847050011,0.418950021,9.795000076
2024-09-02T00:23:12.918300+00:00,0.83100003,0.403950006,9.80505085
2024-09-02T00:23:13.954877+00:00,0.840000033,0.414000034,9.787950516
2024-09-02T00:23:14.937024+00:00,0.850050032,0.427950025,9.79695034
2024-09-02T00:23:15.990589+00:00,0.796950042,0.394950032,9.7999506
2024-09-02T00:23:16.980286+00:00,0.850050032,0.41595003,9.80505085
2024-09-02T00:23:17.987852+00:00,0.835050046,0.423000008,9.80700016
2024-09-02T00:23:19.086261+00:00,0.852000058,0.41595003,9.7999506
2024-09-02T00:23:20.065240+00:00,0.832950056,0.414000034,9.80700016
2024-09-02T00:23:21.080550+00:00,0.835050046,0.414000034,9.7999506
2024-09-02T00:23:21.989923+00:00,0.832950056,0.406950027,9.7999506
2024-09-02T00:23:22.989548+00:00,0.843000054,0.411000013,9.795000076
2024-09-02T00:23:24.029428+00:00,0.838050067,0.414000034,9.795000076
2024-09-02T00:23:25.033823+00:00,0.84495002,0.423000008,9.793050766
2024-09-02T00:23:26.042829+00:00,0.83100003,0.41595003,9.79695034
2024-09-02T00:23:27.048536+00:00,0.835050046,0.423000008,9.790050507
2024-09-02T00:23:28.113194+00:00,0.84495002,0.414000034,9.79695034
2024-09-02T00:23:29.066396+00:00,0.819000065,0.41595003,9.782999992
2024-09-02T00:23:30.049204+00:00,0.828000069,0.409050018,9.7999506
2024-09-02T00:23:31.090671+00:00,0.838050067,0.390000015,9.787950516
2024-09-02T00:23:32.098871+00:00,0.795000017,0.385050029,9.774000168
2024-09-02T00:23:33.126150+00:00,0.838050067,0.40200001,9.778050423
2024-09-02T00:23:34.119267+00:00,0.847050011,0.409050018,9.79695034
2024-09-02T00:23:35.263580+00:00,0.850050032,0.421050012,9.795000076
2024-09-02T00:23:36.188643+00:00,0.840000033,0.418950021,9.80505085
2024-09-02T00:23:37.136405+00:00,0.850050032,0.399000019,9.808950424
2024-09-02T00:24:50.474047+00:00,0.889950037,5.097000122,8.152950287
2024-09-02T00:24:51.520509+00:00,0.766050041,5.491950035,8.023050308
2024-09-02T00:24:52.470809+00:00,0.565050006,5.37195015,8.61495018
2024-09-02T00:24:53.471019+00:00,1.174950004,5.104050159,8.335050583
2024-09-02T00:24:54.500069+00:00,1.11105001,5.128050327,8.421000481
2024-09-02T00:24:55.497739+00:00,1.072050095,5.118000031,8.406000137
2024-09-02T00:24:56.489881+00:00,0.969000041,5.11095047,8.418000221
2024-09-02T00:24:57.523638+00:00,0.907050014,5.086950302,8.406000137
2024-09-02T00:24:58.534224+00:00,0.937950015,5.113950253,8.311050415
2024-09-02T00:24:59.593796+00:00,0.961950064,5.118000031,8.359050751
2024-09-02T00:25:00.551404+00:00,0.864000022,5.170950413,8.485050201
2024-09-02T00:25:01.566972+00:00,0.879000068,5.149050236,8.361000061
2024-09-02T00:25:02.566876+00:00,0.730050027,5.116050243,8.454000473
2024-09-02T00:25:03.587711+00:00,0.699000061,5.17800045,8.344050407
2024-09-02T00:25:04.581176+00:00,0.460050017,4.458000183,8.149950027
2024-09-02T00:25:05.574283+00:00,-5.302050114,1.270950079,10.00095081
2024-09-02T00:25:06.578142+00:00,-0.765000045,0.95205003,9.747000694
2024-09-02T00:25:07.677293+00:00,-0.768000007,0.960000038,9.742050171
2024-09-02T00:25:08.619583+00:00,-0.753000021,0.969000041,9.769050598
2024-09-02T00:25:09.589228+00:00,-0.780000031,0.957000017,9.747000694
2024-09-02T00:25:10.620936+00:00,-0.765000045,0.972000062,9.747000694
2024-09-02T00:25:11.649488+00:00,-0.765000045,0.964050055,9.759000778
2024-09-02T00:25:12.635983+00:00,-0.77700001,0.984000027,9.73800087
2024-09-02T00:25:13.658207+00:00,-0.76305002,0.948000073,9.747000694
2024-09-02T00:25:14.636339+00:00,-0.775050044,0.969000041,9.774000168
2024-09-02T00:25:15.745078+00:00,-0.768000007,0.964050055,9.786000252
2024-09-02T00:25:16.696978+00:00,-0.756000042,0.97905004,9.75
2024-09-02T00:25:17.650083+00:00,-0.769950032,0.969000041,9.75
2024-09-02T00:25:18.687752+00:00,-0.757950008,0.972000062,9.747000694
2024-09-02T00:25:19.706300+00:00,-0.768000007,0.976050019,9.75
2024-09-02T00:25:20.691096+00:00,-0.768000007,0.984000027,9.757050514
2024-09-02T00:25:21.684581+00:00,-0.769950032,0.960000038,9.74505043
2024-09-02T00:25:22.720892+00:00,-0.772050023,0.973950028,9.754050255
2024-09-02T00:25:23.713025+00:00,-0.769950032,0.976050019,9.73800087
2024-09-02T00:25:24.772913+00:00,-0.769950032,0.967050076,9.757050514
2024-09-02T00:25:25.751044+00:00,-0.769950032,0.972000062,9.762000084
2024-09-02T00:25:26.730309+00:00,-0.772050023,0.976050019,9.75
2024-09-02T00:25:27.759734+00:00,-0.76305002,0.991050065,9.74505043
2024-09-02T00:25:28.770065+00:00,-0.772050023,0.960000038,9.759000778
2024-09-02T00:25:29.839598+00:00,-0.760950029,0.957000017,9.762000084
2024-09-02T00:25:30.816062+00:00,-0.765000045,0.964050055,9.751950264
2024-09-02T00:25:31.899032+00:00,-0.753000021,0.981000066,9.757050514
2024-09-02T00:25:32.847218+00:00,-0.757950008,0.981000066,9.751950264
2024-09-02T00:25:33.795274+00:00,-0.765000045,0.972000062,9.757050514
2024-09-02T00:25:34.802531+00:00,-0.775050044,0.976050019,9.757050514
2024-09-02T00:25:35.827118+00:00,-0.765000045,0.973950028,9.75
2024-09-02T00:25:36.815869+00:00,-0.768000007,0.981000066,9.74505043
2024-09-02T00:25:37.797283+00:00,-0.753000021,0.967050076,9.754050255
2024-09-02T00:25:38.837441+00:00,-0.753000021,0.988050044,9.73995018
2024-09-02T00:25:39.831170+00:00,-0.760950029,0.976050019,9.73500061
2024-09-02T00:25:40.921041+00:00,-0.757950008,0.972000062,9.74505043
2024-09-02T00:25:41.866340+00:00,-0.768000007,0.985950053,9.751950264
2024-09-02T00:25:42.852552+00:00,-0.756000042,0.976050019,9.759000778
2024-09-02T00:25:43.874552+00:00,-0.781950057,0.984000027,9.79695034
2024-09-02T00:25:44.884084+00:00,-0.769950032,0.985950053,9.733050346
2024-09-02T00:25:45.915423+00:00,-0.760950029,0.981000066,9.751950264
2024-09-02T00:25:46.899456+00:00,-0.753000021,0.985950053,9.73800087
2024-09-02T00:25:47.920366+00:00,-0.768000007,0.981000066,9.759000778
2024-09-02T00:25:48.892385+00:00,-0.769950032,0.973950028,9.762000084
2024-09-02T00:26:00.892945+00:00,0.976950049,3.043050051,9.67800045
2024-09-02T00:26:01.940407+00:00,0.499950022,3.7660501,9.164999962
2024-09-02T00:26:02.891805+00:00,0.406950027,3.892950296,9.072000504
2024-09-02T00:26:03.866857+00:00,0.358950019,3.981000185,8.935950279
2024-09-02T00:26:04.872568+00:00,0.25605002,4.000050068,9.118050575
2024-09-02T00:26:05.838222+00:00,0.18900001,3.952050209,8.743950844
2024-09-02T00:26:06.843110+00:00,-0.13305001,4.041000366,8.968950272
2024-09-02T00:26:07.840703+00:00,-0.354000002,4.024050236,8.968950272
2024-09-02T00:26:08.809153+00:00,-0.598050058,0.993000031,8.789999962
2024-09-02T00:26:09.795312+00:00,-0.253049999,0.876000047,9.781050682
2024-09-02T00:26:10.819891+00:00,-0.235950008,0.849000037,9.790050507
2024-09-02T00:26:11.814018+00:00,-0.246000007,0.852000058,9.793050766
2024-09-02T00:26:12.864034+00:00,-0.238950014,0.864000022,9.790050507
2024-09-02T00:26:13.814764+00:00,-0.235950008,0.856950045,9.7999506
2024-09-02T00:26:14.767109+00:00,-0.235950008,0.832950056,9.790050507
2024-09-02T00:26:15.777094+00:00,-0.250950009,0.868950069,9.80505085
2024-09-02T00:26:16.746231+00:00,-0.247950017,0.852000058,9.7999506
2024-09-02T00:26:17.768373+00:00,-0.241050005,0.856950045,9.793050766
2024-09-02T00:26:18.743552+00:00,-0.22905001,0.853950024,9.782999992
2024-09-02T00:26:19.735271+00:00,-0.820050061,0.547950029,10.10205078
2024-09-02T00:26:20.738434+00:00,-0.295950025,0.876000047,9.916950226
2024-09-02T00:26:21.722226+00:00,-0.238950014,0.916950047,9.79695034
2024-09-02T00:26:22.711035+00:00,-0.289050013,0.924000025,9.757050514
2024-09-02T00:26:23.686445+00:00,-0.258000016,0.924000025,9.814050674
2024-09-02T00:26:24.734096+00:00,-0.258000016,0.924000025,9.814050674
2024-09-02T00:26:25.687301+00:00,-0.26700002,0.909000039,9.811950684
2024-09-02T00:26:26.663342+00:00,-0.238950014,0.916950047,9.782999992
2024-09-02T00:26:27.659849+00:00,-0.255000025,0.919050038,9.814050674
2024-09-02T00:26:28.644433+00:00,-0.241050005,0.916950047,9.811950684
2024-09-02T00:26:29.629010+00:00,-0.241050005,0.913950026,9.781050682
2024-09-02T00:26:30.632652+00:00,-0.250950009,0.919050038,9.793050766
2024-09-02T00:26:31.607746+00:00,-0.255000025,0.919050038,9.775950432
2024-09-02T00:26:32.616540+00:00,-0.253049999,0.919050038,9.786000252
2024-09-02T00:26:33.586134+00:00,-0.250950009,0.91200006,9.786000252
2024-09-02T00:26:34.604939+00:00,-0.241050005,0.921000063,9.766050339
2024-09-02T00:26:35.667109+00:00,-0.306000024,0.865950048,9.7999506
2024-09-02T00:26:36.610033+00:00,-0.217050016,0.931050062,9.778050423
2024-09-02T00:26:37.564147+00:00,-0.231000006,0.973950028,9.598950386
2024-09-02T00:26:38.569243+00:00,-0.235950008,0.924000025,9.802050591
2024-09-02T00:26:39.534999+00:00,-0.247950017,0.92595005,9.795000076
2024-09-02T00:26:40.525270+00:00,-0.306000024,0.92595005,9.757050514
2024-09-02T00:26:41.540964+00:00,-0.226950005,0.897000015,9.787950516
2024-09-02T00:26:42.539756+00:00,-0.259950012,0.91200006,9.774000168
2024-09-02T00:26:43.522523+00:00,-0.238950014,0.921000063,9.778050423
2024-09-02T00:26:44.505976+00:00,-0.250950009,0.921000063,9.7999506
2024-09-02T00:26:45.512309+00:00,-0.243000016,0.919050038,9.782999992
2024-09-02T00:26:46.585518+00:00,-0.255000025,0.916950047,9.782999992
2024-09-02T00:26:47.539130+00:00,-0.258000016,0.919050038,9.782999992
2024-09-02T00:26:48.505874+00:00,-0.241050005,0.91200006,9.787950516
2024-09-02T00:26:49.472321+00:00,-0.241050005,0.919050038,9.786000252
2024-09-02T00:26:50.461872+00:00,-0.250950009,0.921000063,9.775950432
2024-09-02T00:26:51.453938+00:00,-0.250950009,0.913950026,9.786000252
2024-09-02T00:26:52.438260+00:00,-0.243000016,0.919050038,9.778050423
2024-09-02T00:26:53.437490+00:00,-0.246000007,0.909000039,9.790050507
2024-09-02T00:26:54.407571+00:00,-0.247950017,0.924000025,9.781050682
2024-09-02T00:26:55.414303+00:00,-0.255000025,0.916950047,9.781050682
2024-09-02T00:26:56.415071+00:00,-0.246000007,0.916950047,9.787950516
2024-09-02T00:26:57.385628+00:00,-0.247950017,0.919050038,9.781050682
2024-09-02T00:26:58.462272+00:00,-0.246000007,0.916950047,9.787950516
2024-09-02T00:26:59.413782+00:00,-0.262950003,0.924000025,9.778050423
2024-09-02T00:27:00.557476+00:00,-0.247950017,0.928050041,9.787950516
2024-09-02T00:28:43.906830+00:00,0.229950011,0.751050055,9.80700016
2024-09-02T00:28:44.958939+00:00,0.217950016,0.747000039,9.802050591
2024-09-02T00:28:45.918856+00:00,0.234000012,0.759000063,9.80700016
2024-09-02T00:28:46.930253+00:00,0.229950011,0.76305002,9.7999506
2024-09-02T00:28:47.941419+00:00,0.166950002,0.735000014,9.666000366
2024-09-02T00:28:48.966099+00:00,0.244050011,0.766050041,9.808950424
2024-09-02T00:28:49.946823+00:00,0.237000018,0.76305002,9.819000244
2024-09-02T00:28:50.970486+00:00,0.238950014,0.756000042,9.80700016
2024-09-02T00:28:51.979613+00:00,0.241950005,0.766050041,9.7999506
2024-09-02T00:28:53.060611+00:00,0.237000018,0.754050016,9.7999506
2024-09-02T00:28:53.986260+00:00,0.241950005,0.76305002,9.802050591
2024-09-02T00:28:55.010835+00:00,0.234000012,0.766050041,9.790050507
2024-09-02T00:28:56.036332+00:00,0.238950014,0.766050041,9.7999506
2024-09-02T00:28:57.021739+00:00,0.232050017,0.76305002,9.7999506
2024-09-02T00:28:58.024489+00:00,0.21495001,0.768000007,9.7999506
2024-09-02T00:28:59.053759+00:00,0.238950014,0.759000063,9.793050766
2024-09-02T00:29:00.024575+00:00,0.234000012,0.768000007,9.790050507
2024-09-02T00:29:01.112562+00:00,0.246000007,0.766050041,9.802050591
2024-09-02T00:29:02.061411+00:00,0.237000018,0.756000042,9.795000076
2024-09-02T00:29:03.076008+00:00,0.232050017,0.760950029,9.795000076
2024-09-02T00:29:04.085650+00:00,0.246000007,0.760950029,9.80700016
2024-09-02T00:29:05.101592+00:00,0.229950011,0.760950029,9.808950424
2024-09-02T00:29:06.104655+00:00,0.241950005,0.759000063,9.802050591
2024-09-02T00:29:07.112478+00:00,0.241950005,0.759000063,9.80700016
2024-09-02T00:29:08.117804+00:00,0.238950014,0.766050041,9.7999506
2024-09-02T00:29:09.187624+00:00,0.226950005,0.760950029,9.79695034
2024-09-02T00:29:10.198581+00:00,0.229950011,0.756000042,9.80505085
2024-09-02T00:29:11.155059+00:00,0.238950014,0.751050055,9.793050766
2024-09-02T00:29:12.167024+00:00,0.237000018,0.76305002,9.80505085
2024-09-02T00:29:13.194274+00:00,0.220050007,0.754050016,9.7999506
2024-09-02T00:29:14.132360+00:00,0.232050017,0.76305002,9.795000076
2024-09-02T00:29:15.163323+00:00,0.232050017,0.754050016,9.80505085
2024-09-02T00:29:16.176964+00:00,0.229950011,0.76305002,9.782999992
2024-09-02T00:29:17.153915+00:00,0.244050011,0.756000042,9.790050507
2024-09-02T00:29:18.215207+00:00,0.226950005,0.760950029,9.79695034
2024-09-02T00:29:19.167416+00:00,0.220050007,0.766050041,9.802050591
2024-09-02T00:29:20.201787+00:00,0.211050004,0.754050016,9.79695034
2024-09-02T00:29:21.214254+00:00,0.246000007,0.802050054,9.730050087
2024-09-02T00:29:22.221759+00:00,0.261000007,0.718050063,9.811950684
2024-09-02T00:29:23.223913+00:00,0.246000007,0.768000007,9.7999506
2024-09-02T00:29:24.217202+00:00,0.222000018,0.766050041,9.80505085
2024-09-02T00:29:25.220333+00:00,0.225000009,0.772950053,9.79695034
2024-09-02T00:29:26.289066+00:00,0.250950009,0.759000063,9.7999506
2024-09-02T00:29:27.233385+00:00,0.232050017,0.76305002,9.79695034
2024-09-02T00:29:28.246270+00:00,0.226950005,0.76305002,9.7999506
2024-09-02T00:29:29.290166+00:00,0.234000012,0.759000063,9.793050766
2024-09-02T00:29:30.260208+00:00,0.232050017,0.76305002,9.795000076
2024-09-02T00:29:31.260341+00:00,0.237000018,0.768000007,9.79695034
2024-09-02T00:29:32.285175+00:00,0.229950011,0.760950029,9.793050766
2024-09-02T00:29:33.283528+00:00,0.241950005,0.756000042,9.790050507
2024-09-02T00:29:34.364801+00:00,0.234000012,0.769950032,9.790050507
2024-09-02T00:29:35.312660+00:00,0.238950014,0.766050041,9.802050591
2024-09-02T00:29:36.313976+00:00,0.234000012,0.766050041,9.7999506
2024-09-02T00:29:37.325766+00:00,0.238950014,0.759000063,9.79695034
2024-09-02T00:29:38.328026+00:00,0.238950014,0.768000007,9.79695034
2024-09-02T00:29:39.335869+00:00,0.232050017,0.76305002,9.79695034
2024-09-02T00:29:40.359818+00:00,0.232050017,0.760950029,9.793050766
2024-09-02T00:29:41.370516+00:00,0.229950011,0.751050055,9.795000076
2024-09-02T00:29:42.434739+00:00,0.249000013,0.759000063,9.80505085
